id,x1,x2
0,3.3,3.3
1,0.2687349892580494,-1.2783420136629557
2,1.7686398445207037,-0.03754599389270515
3,0.2716000119095382,-0.4562143924150363
4,-0.14786507586553654,-0.10842335081543761
5,-1.5254469641191235,0.911418287871807
6,-0.0703999404087633,-0.36808809464556974
7,-0.4393861944314601,-0.08846747657999414
8,1.105397836781669,0.13351450428492606
9,0.8022355430594563,0.06394504936391252
10,1.38097559535518,-0.5524428640186311
11,1.1779279364799011,1.6843849174403127
12,1.1328125893295113,-0.5035771304974781
13,-1.4410792342082155,0.09204495528296622
14,-0.984451815561738,1.4778392377391127
15,0.47591664173014336,-0.3865509184292634
16,2.154481350229033,1.5148072575938893
17,0.19292389381374528,0.07597515165640768
18,0.3310083345652013,0.6093448808921905
19,-0.26354684650393123,0.1395416768477237
20,0.32590933177585124,-0.03859371261091189
21,0.8468241286851451,-0.44392740397774183
22,0.8620267040715249,-0.9614585253334348
23,1.0697205536278702,0.8777316734157532
24,0.9402229896690613,1.0469752078788106
25,0.2618410580835608,-0.6299230460754147
26,0.6751933677885962,-2.8301475749255216
27,-0.24540968540944083,-0.21040719487211082
28,0.15509922267907333,-0.07333653619381997
29,0.003592493662014575,1.3568602199282718
30,-0.3133374664843379,0.21005724706718035
31,0.5518070586647364,1.1865946035961308
32,1.377295563252829,0.9215405469233313
33,0.13499070470726116,-0.7175681899911049
34,0.834032796687349,-0.07295784552517076
35,0.5235326370169638,-1.2589862186208878
36,1.6028101496396876,0.8217732931673228
37,1.3696731577362256,1.690074645766233
38,-0.542727128077646,0.17384271427255843
39,0.5537157821868072,-0.6071332387268886
40,0.36358466771823356,1.8034992311250282
41,0.3346224518264164,0.7180639450595508
42,0.665259321064241,-0.32753275982972735
43,-1.1015506028596633,-0.39168283432440043
44,-0.5720414586451258,-0.48094400394451786
45,-0.4299037519092092,-0.07364205239221387
46,-0.9404785171872916,-0.165230686917054
47,-1.2967081461718162,1.0594190164893913
48,1.0336264971063753,-1.0033820696771498
49,0.46291011794112064,0.2019601428731269
50,0.869913035605446,0.08867017425554927
51,0.5295004422670692,-0.9948391439551241
52,0.060575078948909386,0.9979905602748794
53,1.2311691228242616,-1.0303028400561471
54,-0.026518253037120482,-0.8675005349250604
55,-1.1741993880741552,0.2284320363619014
56,-1.0878286794216077,-2.0399304864175236
57,0.9587494937175974,-1.583714214159205
58,-0.6775834657125748,-0.8954207771704871
59,0.9335107950868161,-1.2902058558888272
60,-2.2790730143612934,1.167167945581021
61,-1.6707984930252013,-1.4159695625560147
62,0.402457212671975,0.5603167472222335
63,-1.9807028559099153,1.1970767614364382
64,0.14889077810560988,0.09329683685421693
65,-0.4547838055791561,0.2187951855930514
66,-0.3216611314628278,-0.4576222834146804
67,-0.984344959175628,-0.8964395170594215
68,1.8051607327257768,-0.25658761430888993
69,-0.8591090203150324,1.2818928714617195
70,1.2908508205174731,-0.17860162824629375
71,-2.3831850691447936,-0.44609325588573123
72,0.5140274826950891,0.16452004134599604
73,-1.325914724925507,-0.424532235655284
74,1.7007029511172653,-1.2938905136346877
75,0.3096131302201323,-0.5705592491587956
76,-1.3804769177351721,-1.2657269944319958
77,-0.1913330752318421,-1.3936581025701174
78,1.6097987961401599,1.148811418417721
79,-0.1203623401214918,-0.6799948248099638
80,-1.6381464363426688,-0.458661177453432
81,-0.31727457167863415,0.054980207388933715
82,-0.7238183689949143,0.1311312520278093
83,-0.7167572518263409,-1.9566219781231906
84,0.6699505332738374,1.1417588663450233
85,-2.2799884312653735,-0.23458149890365765
86,1.2408552891749296,-0.20826824399837837
87,0.5035492885506565,0.5134309260902931
88,-0.18590824838601225,-0.033651120670015425
89,1.5869434399494813,-0.9533621930356149
90,-1.4058091976478388,-0.5973395138984228
91,-0.17949239536826,-0.016399530028721205
92,0.4270910976662382,-0.25241185520671067
93,-0.8959262430876334,0.47007635014200655
94,0.7807227917982246,-0.2888252254854348
95,-1.73506244225741,1.0436231325648055
96,-0.6534819434200183,1.3612870802531467
97,0.2627931516999091,0.5070253337844897
98,-1.905177105840755,-0.9962678317147418
99,0.9903449145872842,-0.8998308960460261
100,0.35898064064086127,0.4850037207923817
101,-0.885354924138035,0.7055348967908123
102,-1.2105193653864637,0.5520635584620229
103,0.6232195037279616,-0.2928300536343672
104,-0.7389375035067334,-0.1186071875723258
105,0.13357093700420192,0.21161937790187815
106,0.45329629879196837,0.5551264015657866
107,-0.18756732599113554,0.7285402547175224
108,1.1770638817891452,-0.13974636127176063
109,0.2601079177981237,1.2753008894767142
110,-0.3167405162783151,2.6667175429009817
111,0.15692307215633902,0.9423087257742688
112,-0.5811299344120593,0.15174549346845542
113,0.5040684732342842,-0.9189524514940431
114,0.4629713810482955,-0.4085323092031193
115,0.019550838653834026,0.37572661928452383
116,-0.17563126004312532,0.2770275653281899
117,-0.9344369551581226,0.436380701280295
118,-2.0017392351326166,-1.0021634692307166
119,-0.34790365026308706,-1.2270805924907933
120,-0.0454931081037121,-0.19358789858954678
121,2.86594738217102,1.4647924644039223
122,1.6291067379758553,0.4925576826337476
123,1.2813973595545403,-1.0509197685435714
124,-0.03918264294543203,0.9022013092290989
125,-0.5752633780472017,-0.07380242393979604
126,-0.04975094505809996,0.24437041681390334
127,-1.2868345011069275,-1.5606918269630876
128,-0.8372958833005757,0.31815492052191136
129,0.4471488033371285,1.3681221536792985
130,-0.5894244176468085,0.09310917238550812
131,0.019603770568331357,-0.24541597235946486
132,0.4006479275982937,-0.3877400047756544
133,-0.8995747472716641,0.048692794833498663
134,-0.2192437932317474,0.9450669286753971
135,-2.037336787100969,-2.5459972600722582
136,-0.39082587237515387,0.5346089990969091
137,0.12852231686546303,2.4190304656673485
138,-1.5222308283966504,0.39383189136432173
139,1.0102599752880694,0.0539143467584576
140,-0.582236252788764,0.1819821253402417
141,-0.3894156310852036,-0.7117609146511408
142,0.16223611904669968,0.7805179318930144
143,1.262532346942463,0.9128368432667223
144,-0.062203799550091615,-0.02564246590668625
145,-1.2837782339552253,-0.5040468612436446
146,1.2200278572490797,-0.5110527190358205
147,1.6869617240199817,0.988021268707266
148,0.3830046438227133,0.5903675909521746
149,0.7894349369363068,-1.1765358126643357
150,-1.492467519967086,-1.9901711432865112
151,-0.3890037808426822,1.2095326222484934
152,-1.4820777542928356,-0.7998262849572217
153,-1.35268564122285,-0.43492630697361356
154,-0.5292639439054189,0.1476256681412327
155,-0.11889434555417351,1.3715562609735064
156,0.0851286200337734,-0.16627657031498919
157,1.1489561343470296,0.2985828563430748
158,0.7481672193935514,1.382179508951833
159,-0.6632329600641733,-0.4410505333225004
160,1.3236054981254586,0.2704822800634688
161,0.5881593933010654,-1.9831968083177116
162,-1.1893600280875407,-1.0975686411208667
163,-0.29867949808385585,-0.7904159755086815
164,-1.260619449672271,-2.495828734115805
165,-1.6637050074637338,0.1429972432440766
166,1.311667725929007,-1.4731565060095768
167,-1.9680885940059385,-1.2277346172791477
168,0.419261209576024,-0.029048147363193874
169,1.141050732472307,0.3659165245565778
170,0.40553160628903245,-0.176543910270976
171,0.9643355486980516,0.9633218806743882
172,-1.9828814357462392,-1.0376152652138226
173,-1.4801916745538626,-0.7515476953732961
174,-1.3406592402969257,-0.7089820170917842
175,0.3469101693646839,-0.14123674353750737
176,-0.5894074229154185,-0.7588884409224835
177,-0.9823244659661897,0.47204318967084347
178,-2.1539937072637283,0.5731981567278889
179,1.053408011687466,-1.6216314353166617
180,0.4430799979764011,1.4751138369085888
181,-0.8163485049558905,0.23834356124528364
182,1.0635259397519297,-1.6417734096764935
183,0.8538782947516995,-0.03335512578867005
184,0.963826016595688,-0.3186799876382554
185,0.027828708945516027,-0.07003894501467882
186,-2.5392746198617293,1.7508917974368137
187,-1.2414460406455727,0.7187872279088552
188,2.9396284739771956,0.03108550801892088
189,-0.3812529056586582,0.6945808678481977
190,-0.21752449074592092,-0.2643968389053943
191,2.344186219887406,-0.9053184070315814
192,-0.5979861791339877,0.42567048006204816
193,-0.8449737246694968,-0.1765210945408709
194,0.4946880370902266,0.7404782000044191
195,-0.28001947395959464,1.699521236600247
196,-1.4687632726339697,0.10163846662518158
197,0.25213126996647145,-1.0141057369461208
198,-0.48327843307638907,-0.9595636914393858
199,0.06947573362726253,-1.340612354698877
200,-1.042305462418595,0.2601335326739938
201,0.2381086045166897,-0.24475170689885523
202,-0.29006591295948575,1.1830925196843005
203,-0.3077127366594152,0.4243794683231035
204,-0.15129075360279595,0.8158151185437407
205,0.6326675591125713,-0.9300092192255649
206,-0.29208646584566444,-0.4701652823149138
207,0.519798513632646,0.6624518547662056
208,1.1805189842296608,1.2550737682369781
209,1.5211032932617992,0.890160771003004
210,-1.2955612051564844,1.8437621036855802
211,-0.7083226791258816,-0.0810552973702245
212,0.3003019617964756,0.05210590961920865
213,-0.26890584580665566,-1.0283006190675825
214,-1.3368977951111705,-1.681047516817666
215,-0.9247532372721615,0.9721152245845219
216,-0.15107825527823526,2.3919861729080996
217,-0.5275451351542095,-0.5214250698422397
218,-0.55047261405448,-1.1082827034472105
219,0.8453326669059711,-0.31904049213613495
220,2.436983431266473,1.5490414487814688
221,-0.4690031081574728,1.9486685947485165
222,1.2766915082188985,1.2702403886620588
223,-1.6205826944383566,-0.734716458959464
224,-0.9300413846174931,-1.403261950585693
225,1.0128443216527179,0.44457467041314763
226,-0.04213438937355961,-0.17514570829996964
227,1.1223072270823167,0.6387648222907673
228,1.2257077445115347,1.2816856756315385
229,1.108927435251201,0.02858055435905331
230,-0.3992650973642112,1.3332288464060682
231,0.4407768216196375,0.8257837226791462
232,2.149367575824113,0.6964479153464828
233,-0.2817771441506299,-0.7052821979214486
234,0.7858476203141106,0.09733100864147445
235,-2.7290833354260124,-0.37107605568041807
236,-0.7857006192547059,-1.2061336194485968
237,0.30350249234386956,0.5205354325206432
238,-0.13238233101484762,-0.16121029431906664
239,-0.059080578338038946,0.1274862369865372
240,-0.6471307570475132,-0.24430249870893248
241,0.2499248700389264,-1.6069194185037265
242,1.8725837985216092,0.1875052324231659
243,-0.7240353980099707,0.969533327786125
244,0.3239205612889779,0.2465528992180273
245,-0.8391144636534456,1.1529072567495604
246,0.74260551581573,1.0090505697518695
247,-1.681294716303589,1.3200180905313095
248,-0.6123943382114794,-0.5632768555150424
249,0.414509997120438,0.254468323128461
250,-1.7342080258934436,0.5744299734151471
251,0.07717652075765047,0.39729288940298174
252,-0.2864373350258829,-1.8236814467182692
253,2.8785594163864756,0.0995581423851294
254,-1.7438968930785108,-1.0290930656724613
255,0.6674292783864966,1.3402010719127346
256,-1.796324301822314,-0.16860808872746355
257,0.44748678356823185,1.868044650285309
258,1.481925212488953,-0.11365731465446961
259,-0.9590061018634283,1.017949644705969
260,-1.4385243521477509,0.13649262387520134
261,1.1170049641931197,1.7215012047824811
262,0.8276117392010162,-0.3470534542924472
263,-1.0612210815710021,1.0521767476321289
264,0.7225598599630482,-0.5620768069925582
265,0.33686510828550487,0.33698709510500374
266,0.43496217881057964,0.153249844761579
267,0.06843053706496724,1.7152364250232361
268,0.0505234071885818,-0.08831717925764476
269,0.0858844494799092,0.7735091024807814
270,2.1410514628811352,-1.4261350367295835
271,0.23420240643501744,0.1730893352106516
272,-0.34840140449238405,-0.2615425861771494
273,-1.0254089358282084,-0.3917398589457998
274,-0.9270692311403522,1.6503323948631636
275,0.29498290248789427,-1.9333672840180154
276,0.25355969213068974,0.06684345178869985
277,2.141206273633647,-0.602475952731976
278,1.1788394844275851,0.9907940995620157
279,0.08425317725819188,0.08624554763100865
280,-0.4284426295973352,0.8722700736675083
281,2.06521002816126,-0.16153083262518492
282,-1.4629251739825784,-1.1681178739385614
283,0.2232913305040994,-0.3912019568247065
284,0.8290123813031466,-0.04633621940612584
285,0.14751689869369222,-0.39071304994188916
286,0.708680441303987,-1.6189343705638115
287,-0.10658605383733825,0.5955412503321513
288,-0.9195886249773716,-1.764584293892217
289,0.15486574410687523,0.4050737406128534
290,0.19425243210812723,-0.785575581845137
291,1.234794310072875,-0.4127649631163706
292,0.5953599609904394,-0.5593877420463869
293,-0.8551364300849102,-1.0946594214952285
294,-1.1739220982084857,1.0424546365058578
295,1.7348684493492812,-0.10708841444407631
296,-0.1713924210264395,1.0993253284416096
297,0.4214973718625851,-1.5455817184559821
298,-0.2654718447652302,0.388880215071199
299,0.7405482239355352,0.22228667527193005
300,-1.6505314243859643,-0.19845608897717534
301,-1.4625493853120657,0.5551806017250813
302,0.2530964983334523,-1.3197604211970246
303,-0.6860540004983943,-0.07857132875510939
304,-0.6124120520888466,-1.0225233308901351
305,-0.8448515830600181,-0.8960269302171572
306,-0.5587534586350962,0.7327752029514466
307,1.8155217929743455,0.4786568939033437
308,2.056158945824756,0.6112446268313908
309,-0.5214857631429278,0.950502490114598
310,-0.30845057057278974,-1.5127711505853356
311,-1.2218238077389827,1.7240785004477486
312,0.15976506173571975,-0.6300946672964368
313,-0.9141756317316132,-0.7761643087566188
314,-1.6690517158845386,1.511189648995202
315,-0.7258881823077152,-0.6194521574623972
316,1.3545650956612696,1.2699305458763324
317,-0.08044430839101846,-1.2029310054722986
318,-0.12402196112784834,-0.4488711170138137
319,1.4705586039901648,2.0141240533074596
320,0.06322431308814594,-1.408284213421238
321,0.9261132648812057,-0.16130716175455495
322,-0.20221104854977923,1.5193842937362108
323,0.7448921360860777,-1.2036942177546255
324,-1.3549946643922235,0.4531796479528233
325,1.358951222212716,-0.027688603918833373
326,-0.316840252834723,-0.05632589808318005
327,1.2494865041576027,-0.9818086394921921
328,-1.347759746291859,-0.8411800266127811
329,-0.7886875333913617,0.408164667181477
330,-0.4318469312584833,0.036648000771904284
331,-0.09302820663891735,0.47382670225345547
332,-0.52901352426179,-0.15397897155233106
333,-0.37130719232180937,1.3302107458636319
334,0.8664628215978318,-1.5167431244028093
335,2.015829307036776,-0.6786203148450173
336,0.72907448957996,2.267177705199128
337,0.3976807293675034,0.20975723868060844
338,1.335763999310581,0.800974850870105
339,-1.7252677951039204,2.7564112096078506
340,0.74643535834581,-0.04310938429514031
341,-1.5117806974053636,0.46322317185804246
342,-1.7605192841804445,-1.5342199517652488
343,-1.205661416600939,-0.4875919062279835
344,-1.2336906056247567,-0.5564935566672781
345,-0.9141043919370777,0.3696521902317888
346,0.8996303900975767,0.12150061276142596
347,-0.3079362429693148,2.186660457624001
348,0.6317681801217263,0.9452396821014718
349,-0.1919408512780068,-0.12661850870408434
350,1.0297205379395409,-0.6622352107060301
351,-0.6637843556864701,0.37127871191086864
352,-0.9736109085202866,0.7261591103157018
353,-0.8570673930399882,0.30336646689292307
354,-0.9130255382063857,-1.6495984740446046
355,-0.8196980042759143,-0.7674317522233512
356,0.5362955720030439,1.0827520400845871
357,-0.029013784135233485,0.41867184382036854
358,0.11394611746813375,0.7200791819087053
359,-1.1161532759102808,-0.0313744977741907
360,-0.12527944666590507,0.06476328852502251
361,0.9974068588636504,0.7328079627243421
362,1.325873038095299,1.3647695627655763
363,-0.6584723186599039,-0.30198376321223575
364,0.2558112518628223,0.1154747239611728
365,1.0463580301658593,0.6227235681137147
366,0.5167216346320243,-0.03885123911115042
367,-0.7513752595263928,0.4709756684402825
368,-0.7535382536987807,-0.6254257746319891
369,-0.44994295464714534,0.4456823881610144
370,-0.9475587984564511,-0.9208835794679527
371,-1.6143655652539959,0.02138524842486799
372,-0.7395882918087847,-0.17295192667207654
373,-0.31277622666615273,1.3754905710134169
374,1.421614708852445,-0.5819461948764674
375,-0.5613523470890673,-0.4359177163587179
376,0.7246518100876241,-0.17465956330661764
377,-0.20400607952186284,-1.3692892078466485
378,-2.09345759639394,-1.6197358273212412
379,-0.6653453315813382,-1.304644467506018
380,-0.5956525749712793,1.7620383456512194
381,-0.04545019582566842,0.6559790752150116
382,-0.40669074532088123,1.701428334026053
383,-0.02447175129435353,0.00725967703613494
384,-2.661469438305783,-0.18269539218534508
385,-1.0804599983936392,0.4916586638415982
386,1.2390641673574532,0.12268912174955357
387,0.8479322691095804,0.7307652281468556
388,-0.12147758416751955,1.5351379192390275
389,-0.61307059939619,-0.32239784794519316
390,0.6535581331014331,-2.2094114590946217
391,-0.8193361058153955,-0.18405379467184146
392,0.760855389918457,0.5706542770158438
393,-1.3417415852255759,-1.7303894676518792
394,1.0954933124552029,-1.7728488189007978
395,1.104038592759827,0.17896613078698195
396,0.21477154665972645,1.2488000832978987
397,0.9463721034211896,0.8411293155993496
398,-1.1463711359934856,1.0142702496515303
399,-0.025051441053902095,0.7736355539371123
400,-0.4050512829244546,-1.466278123305269
401,0.8366431309205502,-2.7297147583731625
402,0.558059997296361,-0.9342053089303616
403,-0.038000208743152714,0.8390959025698939
404,0.3433505424106855,-0.9252244880668749
405,-0.42077508411037656,0.35088718359342436
406,0.20873111376633846,-0.6356865618709228
407,-1.2079488415928132,-0.860042750233163
408,-2.1457648815068846,-1.4791024808094615
409,-0.39320999709423804,-0.653521644911768
410,0.9656036500120172,-0.3632270402848018
411,-0.21400840605088486,0.5719945588133656
412,0.009079658558203849,-0.5608372103376921
413,-0.8440405490805284,-0.9093617119666749
414,1.8950321423344088,-0.07412265249109519
415,0.10861997433566532,1.6627427399094648
416,0.1731180804198864,-0.6380993217670504
417,-0.9057068118555525,1.594083709880526
418,-0.355663731121997,-0.4364831975034693
419,-0.7135957935148921,-1.2608154707683108
420,0.641524778459537,0.6821182225845182
421,1.865040020830073,0.6868474186817942
422,-0.912343830179104,2.01601500654167
423,-0.7994684515617041,-0.3629249096385749
424,1.4136499522059913,-0.6759208272981746
425,0.6869471451332314,1.491856911918046
426,0.353385808305638,-0.7189303054644606
427,0.33737828524499225,0.268734449907724
428,-0.3845756810369779,-0.7562599046520999
429,-0.6577408059468354,-0.887081542881152
430,0.2474355735226707,0.7387551089564088
431,0.7460126485630255,-1.3108344745049678
432,2.065894841506916,0.40093497465669753
433,0.3261534040214425,1.349527109909552
434,-0.046028999422601725,-0.15502025061608782
435,-1.2294766220030562,-0.9381839333460374
436,-1.476428373104305,-0.4722395099507403
437,0.5237762101354083,-0.8037181686116363
438,-0.5191714232370327,0.34463536050773574
439,-0.9776298193876949,1.6582356412225956
440,-1.3909400432871195,0.6541059042303479
441,0.2726298314966947,1.3419907649426845
442,0.5321855295328313,-0.09337983106274597
443,0.17645050729618275,0.5084024771444441
444,2.299395433714891,0.11366995500886896
445,1.3080272794162027,-0.967830717320442
446,0.5541801160643388,-1.459180444393494
447,-0.6944008102067356,0.15290953156428255
448,-1.3109438092960066,1.5856057835222235
449,-0.29878003990268176,-1.0852644734843844
450,0.02738538926116276,-0.42874779324329654
451,-0.7258666497256885,-1.688296726243773
452,0.4495616169062652,-0.25058456970563797
453,-1.2026183274776219,-2.2572235588420484
454,0.945933043368275,-0.3620782163254442
455,0.27385948622432377,-0.21652454965531592
456,0.8065611797988889,1.158970157834577
457,-0.31390099583467257,-0.268687801823676
458,-0.1931807981442176,0.874457919960739
459,-0.29966773647105643,-0.4175370952864545
460,0.07269541803632748,-0.764540190608152
461,0.8737622000518355,0.4875127777422295
462,0.44020636431531124,-0.2992168526629165
463,1.6337098812599828,-1.9315066249413608
464,-0.8465877673985444,-2.585408867117823
465,-0.39764458360576116,0.4387711063771661
466,-0.47724875653953064,0.10702558142867244
467,0.45314535925177307,-0.5270030650805765
468,-0.035083636451014664,2.4358457953294206
469,-0.18112423003769892,0.4145970410637321
470,-0.5077172565069871,-1.4858902729111558
471,-0.7431054528886958,-2.096802143799933
472,1.3457447421997277,-0.0985008903371084
473,-0.14570123690424908,0.9936771462629554
474,0.6717003340109913,0.13505008053351997
475,0.3136098374662284,0.3773173373903077
476,-0.10441224812269068,1.4077998602908646
477,1.0423233765945021,0.7406600358495721
478,-0.5795061919943006,0.6266104875828672
479,-1.552212959324091,-0.1577330164450735
480,0.006286136509091236,0.803061437649604
481,0.8933862165827371,-1.088881823322569
482,0.4011724839451262,-0.8678014730747948
483,0.0931915391225544,0.5463334741930934
484,1.4055588000723358,0.15913084631479812
485,-0.05315599316547396,-0.10888075614309692
486,0.42320413120515926,0.9757073466412133
487,-0.2893913047764628,0.5565854738836794
488,-1.6170681801093265,-0.11402354203562128
489,0.564077753997911,2.602031490994145
490,-1.172162178116653,0.6092895188385363
491,0.33174354104744436,-0.2136169645510579
492,1.7068712604356846,0.20210754249702398
493,0.22388403555952632,-1.040819820382658
494,-0.23030217305147435,-0.2548437027151044
495,0.8864674450008567,-0.37999948638671044
496,-0.10518590905686519,-0.2808486322460732
497,0.23204824443475325,1.7986286007393923
498,0.8999632966520469,-0.542104753721267
499,-0.11141390781022245,-0.9003012439142771
500,0.41849037044634235,-0.21738339348886218
501,0.2293328032467448,-0.7249914277064174
502,1.9404096846875576,-0.2736683286919989
503,-1.632084372429297,1.0171617436036116
504,-0.801269063964035,0.2042192075110723
505,1.2327403794591776,-0.011863639785572628
506,0.7051260101792926,-0.5037977221995567
507,1.8101524718151993,0.1443953409460855
508,1.3986050020005643,0.6872262872013034
509,1.0937699844614226,0.7894166254753274
510,0.27819272992753685,-0.1345018372532791
511,-0.0025236615083478985,0.785736528013027
512,1.1982114986846661,-1.0582179195426669
513,-0.24053848892973817,2.6629466472182655
514,2.7614773467621667,-0.09671949430567915
515,-0.7915838952769453,1.268850829843203
516,-0.47160920773935905,-0.7223558264875383
517,0.4125772081097307,-0.00926993333435062
518,0.8853713486088232,0.5151221408724325
519,0.9520879835681263,0.5563589575740285
520,-0.4560749182067155,1.034626254680624
521,0.6650918779354787,0.566366480080967
522,-1.4035369136860671,1.0765011434391236
523,-1.0157005634975032,0.9319756329793383
524,0.8893634011308152,0.5873828792822632
525,-1.1478761675390357,-0.94858413472635
526,-0.7682139152040386,-2.5031870477158478
527,0.363937675383541,0.12186868315541943
528,0.5708563880124545,0.870484630647543
529,-0.07667149003251217,-1.2640394728035145
530,0.989112654816148,-0.45557604093472553
531,-0.6973541295865031,-0.22531236587334066
532,0.15468299996332643,1.5559233628263869
533,1.4707897178364635,0.6089214115149897
534,0.24093773935713667,-0.0708926993749209
535,1.316599938443547,-1.9472097065383789
536,1.0064635377672428,1.3831197828665083
537,-1.2130446454487427,-0.8356456157536254
538,-1.8258686065997927,-0.5845508352414704
539,-0.37693264396567183,-1.2837837215551955
540,-0.38528252525714907,0.6545029834390123
541,-0.7710740081368769,-1.327003248604171
542,0.35483829703259295,-0.09438201283175064
543,-0.5037744944842496,-0.3123750127180893
544,-0.22112405447384137,0.3284606757887639
545,-0.37244228685670855,-0.6852901538040493
546,0.5702867164001669,-0.07105171805673094
547,0.029228271311505908,-0.40906738564079637
548,1.6056257914237935,0.999724864110135
549,0.2339422813519355,0.45565107639049024
550,-0.007375995081546627,0.2626377709799589
551,0.2826995289632114,-0.14457887102728872
552,1.0619485906007557,0.12327976761201237
553,1.2714360966157696,2.288280698080592
554,0.3271052828932308,-1.9650237796195618
555,1.6493022020666508,-0.42635390378138643
556,-0.3338933317988857,-0.2943128114915932
557,0.5083218271871355,-0.39803000224448637
558,-0.6735933593571297,-1.7181489808981765
559,0.5361509774306767,0.472929243110058
560,1.381083119210043,0.3690539875117543
561,1.2815966623612631,-0.6019113468510363
562,-0.6351501387022036,-1.291783625338011
563,0.3332405297511314,-0.008316223072642182
564,-0.7483052188496642,-0.9787082971800377
565,1.1059125889617785,-0.2159299221453996
566,2.5000955510307694,0.82922997191167
567,-0.08529158064464674,-1.6207428266123791
568,1.3533681487553504,-1.8460300087581916
569,-0.3406052772802327,-0.1544056947732412
570,0.35340940720491737,-0.019696820797790615
571,-0.7529886501625009,0.658794040854487
572,0.7740601615326921,-1.311946538085623
573,0.3503771869393355,-0.01246305991649393
574,-1.025561798271446,0.022389652403068682
575,0.09969331139079016,1.3573013895256716
576,1.6337692573262892,0.1186007119224073
577,-0.20418699233980503,0.909079721561782
578,-2.3290998355021784,1.8974475555717092
579,-0.5339024092381682,0.6433627357942142
580,-0.7652232302000953,-0.9961964096398073
581,-0.7587869033171896,-1.104039431951134
582,0.3216886637278879,0.10345076677297
583,0.014491675973578878,-0.014348103538380376
584,-1.5171179470092169,0.3348295135737757
585,-0.4135247596016693,0.9443838312636782
586,1.7871368592658767,0.14994927025692636
587,-1.7736549318086023,-0.5544791564442337
588,1.4010766224326159,-1.0690860049309636
589,-1.290692805915868,-0.37398384573991134
590,-0.527111856543604,0.5078183943908147
591,0.898475064385047,0.048921964489685575
592,1.0472212742211247,-0.860946550065222
593,-0.9399946599362797,-1.2721685260543452
594,0.2722914272208381,-0.44177924076980307
595,-0.93794227162731,-0.27217051214189986
596,1.0335286515562305,1.2680016094120885
597,-1.373504497892113,1.701362854823713
598,-0.8868961096487402,0.8704851406748512
599,0.9832280946849413,-0.3917710093644056
600,0.41452289315969004,1.1420860578879861
601,1.0646769624360426,1.7162676274451178
602,0.6876569600690192,1.269443462255526
603,-0.4934404929731709,1.201327934206485
604,0.9282222831604366,-0.29942530989909455
605,-0.010117025393694155,-0.8572251853180749
606,-0.1538753961302265,0.8610758978720983
607,0.3723840144737077,0.1746252235877823
608,-0.09790529091718174,-0.09641789700863634
609,-1.8063084334330817,0.4834988173371438
610,-1.2525926380220094,-0.9143614714735767
611,-1.0616731459414537,0.7264851128453944
612,1.0526382278533841,0.49688991350579503
613,-0.20315948866082212,0.5918252905069372
614,0.8642232640510008,1.6392876229312003
615,-0.4111210593343005,2.2590378792113746
616,0.707360114435022,1.1379471440860585
617,-1.2661711848234554,-0.2916656509650389
618,0.7999008860016629,-1.4277169514888748
619,0.40625824334967264,0.6336191330554755
620,-1.6300418084942425,0.5419886897580947
621,-0.3944017795306387,-0.03237745712693081
622,0.15308445093032827,-0.35244827292513253
623,-1.4727190873787654,1.3965416027568038
624,-0.2090497125857167,-0.09110490790689198
625,1.0281395836133544,0.6923384013130326
626,1.1808942404005844,-0.8313532110192281
627,0.4279051754173202,-0.794129490406602
628,-1.0884157450960372,0.5596905708782378
629,-2.2226372277220174,1.0277742270561456
630,1.7290585169709962,0.7595684669021266
631,-0.4651715428020377,0.2223534525952063
632,0.4357524158814598,-0.15417141473391904
633,0.2475400359854781,-0.42297472865821273
634,-3.5756693538365774,0.47010110230680296
635,-0.07752290177335887,0.2547244064871218
636,0.9799124735263677,0.2214937509004064
637,0.7807056226342614,-0.1525271840550911
638,-0.23106870636043952,0.3324491372980854
639,-0.4082180416278398,-0.03623961844207739
640,-0.8718458750248107,-1.3933043632477646
641,-0.13146273687153331,0.021327713101201958
642,0.12464379220731459,-1.9378203654811499
643,0.6563214807323364,-0.4450735538534002
644,-1.0735254693031457,0.3255879838973066
645,-1.6488412270636224,0.37817629616018444
646,0.8498905207186316,-1.7277245754357358
647,-1.0202224381198977,-0.31460038561421205
648,-1.165900623700817,-0.4742483873028176
649,0.609340618466015,-1.2703060390144936
650,-1.1922839218681505,-0.1834862342276965
651,0.2872992734665478,-0.5382854389525197
652,1.158313295700272,1.5719862098646795
653,-0.836083656142784,0.34851540797673314
654,-1.29194909022219,-0.38501932055299987
655,0.5729871891798637,0.7187970125857945
656,2.0884313042843634,1.9348655191012774
657,1.0584756267415205,-1.8823782165414684
658,-0.969421723949328,-1.1852815794494638
659,-0.3552661470797048,-1.0541832056880864
660,-0.23187301370053887,1.6065155250875987
661,-2.0659112986428827,-0.20458801154552708
662,-1.9941423540376844,0.10013767833861198
663,0.04970679295286062,0.5888889966495204
664,-0.8764848794972908,1.164585593354278
665,-2.034831727439527,-0.4700427604098151
666,-0.6008651723852597,-0.005812287054749748
667,-0.1086870855400491,-0.9741919569677358
668,0.04512785192409229,0.8697528467176031
669,-0.930269091966659,-0.6176090785769159
670,-1.2545121177735634,-0.3904921007662096
671,1.517157339145947,1.6417878957894747
672,0.9236242274626054,0.9354446335259218
673,1.8097820447577588,0.7929615386481197
674,0.6159076961513612,0.40756681741635137
675,1.0281612833975613,-1.1628411746534084
676,-2.361024043785515,-0.15709334238739978
677,0.673111950569179,-1.7349301517449947
678,-0.4558921741265021,-1.0817117466067314
679,-0.39033158035592613,-0.4392680924396631
680,-2.2908555056707045,0.7992380165595656
681,2.002845087976037,0.2912257751845513
682,-0.2557221200762655,-0.9485676558815916
683,-1.2490265147193498,0.5990531666865271
684,0.3928950554779281,-0.5323563198554874
685,-0.6246906749509878,-0.76025070163125
686,-1.2419125038967418,-0.5518102423267325
687,-0.6152090970141089,-0.5257276605762969
688,-1.4621944119645038,0.5375799606657058
689,0.5269689980572577,-1.1806025448992845
690,2.3770918244872767,-0.8164070712097763
691,-1.0952114003500892,-0.4072028221439217
692,0.569156164338494,-0.23772262605913966
693,-0.4703994803047543,0.6618160971013671
694,0.3885076568542307,0.6427694069538492
695,-0.22102696281937168,-0.15798515925072218
696,-1.1474849323498388,-0.8614864203549611
697,0.0876033828103222,1.7701250401626893
698,0.743120217245299,-0.8412007059571035
699,1.4661698483725873,0.984781036593733
700,-0.3829597508809694,-0.8872894248661265
701,-0.7679018934301703,2.138900353591179
702,-0.0010898638149421061,0.46648957684413134
703,0.43919310816560464,0.41713256291162226
704,-0.11916286443599743,-1.0656475351945698
705,0.396287166720713,-0.37961460360910676
706,1.3129929860108096,-0.31662413191441086
707,-0.6452801846404168,-0.8073054099511889
708,1.173396155940363,0.2105904842092481
709,0.2900566066277393,0.8383785291865871
710,0.23188834187559706,-1.6332338932448116
711,0.19843361354241265,-0.8561924629383426
712,0.058274470965327514,0.45377667362156066
713,-0.8211549819982923,-0.6693571073226859
714,0.7353379795136261,0.7382789386563641
715,1.7514459077417668,1.3134220434396
716,0.642100771359204,-0.8011343018512723
717,0.24777612774254207,0.8147252964719361
718,-0.7247541394187093,0.3901477696031656
719,-0.944902725703953,0.6767499734891348
720,-1.5657870129263904,0.3740279353496573
721,0.9903968089132771,0.7992819936940708
722,-0.4154032934282679,-0.20147057993210596
723,0.4450518115301416,-0.2391134346249255
724,-0.6248618403129254,-0.32159977995543315
725,0.4105475649712846,0.7888363818482305
726,0.01284599628673879,0.3371651166898504
727,0.8647562623524229,-0.9636204599948732
728,-1.6340499453778867,0.36844506680954175
729,-0.12375957582848533,0.9575322912912604
730,-0.804636549708805,0.025723542595495492
731,1.2493884459296065,0.3622823995422138
732,-0.8737907094702235,1.424276775409208
733,0.36789936857636263,0.9931313868709856
734,-0.09558143167756074,0.9933459563547243
735,-0.9235088878996872,-2.2346170838371733
736,-0.9858667735638558,-0.09873797542210268
737,0.34477619175635976,-1.8230098397343082
738,-0.38734701301559793,-1.1402310421071724
739,-0.3412314426782586,-0.5227004796171092
740,-0.3514362983677644,0.6899523117740408
741,-0.8788468961248209,0.5861561635222935
742,-2.156541247635191,0.16127814635125368
743,-0.16080346300509515,0.6908797851551496
744,0.6398496708133802,-1.261843656428844
745,-0.4258191949511031,0.8939844236419884
746,-0.7146305120834328,-0.29935052070836476
747,-0.11938378203043937,0.432543889320653
748,-0.9409009297503791,-1.3740841450599723
749,0.10401910908551448,2.54747137918725
750,0.5338821321125747,1.9146794497474997
751,-0.6720848828458491,0.668803021349343
752,0.6674211410659824,-2.4772792515356823
753,-1.9394773229883493,2.337463823567656
754,0.1198627226394509,-0.9111367260757072
755,1.971476919499606,-0.24059220555046598
756,1.3828604920467238,-0.7216436185053526
757,1.304935987981185,-1.3059712088697297
758,-0.8556107270321955,1.2882920843476164
759,-0.2275789561304666,1.782332593194716
760,-1.9510998128192008,-0.038443114010014684
761,0.3892087686847102,0.4137247014720576
762,1.6547350792690168,0.08935878477103812
763,-0.22533992406057396,0.7274265498548897
764,-0.5510146040275521,1.765567833413386
765,0.31354523961210984,-0.9002976958987033
766,-0.6049523458339022,-1.1185389877386187
767,-1.3491930574633317,-0.6020205006587454
768,1.1248741507288604,-2.0173761173429487
769,-0.09526456268618687,1.2358462040566647
770,0.057514096344177174,0.9535899995595445
771,1.7867117213669372,0.931766531029824
772,1.1337702601173774,0.6581286002598411
773,-0.08138808096318835,1.8268624690236324
774,-0.27285522070649654,0.9769586234641895
775,-2.283063950776527,0.23194070917655304
776,1.143603185673788,-0.19485426423012506
777,-0.12664990887429045,0.03213924005915768
778,-0.7928950046200436,-0.0458289691683794
779,1.774644736958944,0.9591330531009685
780,-0.14669436329671998,-1.0311665659418483
781,0.5054228801563323,0.7278484694594894
782,-0.33829670386648364,-0.9588769092064725
783,-0.2893714611238904,0.2746193262653724
784,0.18607495874842578,0.3385503384364647
785,-0.5264385126295191,1.1202034333249475
786,-1.038052455559173,-1.9849941930813069
787,-1.9277396339498962,0.8213501050843265
788,0.34434532374042204,-1.5918307076792706
789,0.9638149876014738,-1.1825789819752826
790,-0.03255229259473541,-0.29768921812098803
791,-0.7881534519104689,0.11014300216924644
792,1.0018939422291737,-0.9504807784413671
793,0.614714982955681,-1.2686882311964491
794,-0.4885391563681494,-0.4120508792284769
795,-1.5344034246534488,-0.7190539171751757
796,1.346249927209884,-0.5471380346917355
797,0.32958705290656637,0.7243807023063781
798,0.18518615565258545,-1.2934451471664534
799,0.6319482395096837,-0.015497258276606538
800,0.3512645933610128,1.1058991659356046
801,-0.8811567953217072,-0.6557570475978889
802,0.6781774589706877,1.483802333240401
803,-1.4793175358854949,0.023891312511854078
804,2.182136194730315,1.551318571243795
805,-0.6558691593247782,0.47490814763335787
806,-1.048779657031739,-0.40490526256517134
807,-0.49190802339102657,0.04190075228910903
808,-1.4418933045373097,-0.7015514742243075
809,-0.28890360786272057,-0.17460649676742157
810,-2.295556983607027,0.570638886922925
811,-0.9537227446435383,-0.37524601418534487
812,1.139638666525998,1.019699525225915
813,-1.2635312586721028,-0.9283630088821809
814,-0.29420168590853946,1.2389821682346362
815,-0.9229754838042302,-0.057941046882938274
816,-0.2614698587475061,-0.7288735799744649
817,1.0693112943100807,0.6527131921699902
818,0.6369307371243645,-0.8687832943300954
819,1.7957887907611523,0.5534835300083133
820,0.2928417348465976,-0.5994339438831997
821,0.7513852836201824,0.26082333124141077
822,-0.24664868720292132,1.7883244105157974
823,0.6108231675076449,-0.22080748188213228
824,-2.5834196088759755,0.9393718421324441
825,-2.004637210619405,-1.5406548844723773
826,-1.6345172393637646,0.9058467842743423
827,-1.001767857042159,1.1988891541627125
828,1.5462077504124043,-1.5820842663095898
829,-0.9991398225358175,-0.4196536168907679
830,-0.12043964596071552,-0.23579447402791878
831,0.6114545395547364,0.860683337447954
832,-1.632889340736059,-0.650287338510664
833,0.1664684854727138,-1.5024656598373407
834,-1.2488545396627981,-0.9107425062686955
835,-1.0194311549928512,-0.2617311213097849
836,-0.9234966303199099,0.9376745737231371
837,-0.17515784776599652,1.619289489060306
838,0.1582781575701115,-0.044806710643196794
839,-0.4520422983516502,0.5988791296499005
840,0.020151733849244294,1.1500311033795982
841,-0.8163369218468935,0.33794893958329647
842,3.575288572908108,-0.036535914212493734
843,1.2694707865603412,-1.2130173040723617
844,0.8057718155721,0.6116832134171389
845,2.502628917522337,0.3904209250166429
846,1.623749559369813,1.1508704625592174
847,-0.15719193073053928,0.8257369483582071
848,-1.6478737682890368,-0.21225387031751597
849,0.10403303921612762,-0.023522729263839363
850,0.7858692873807848,1.2103253144156136
851,-0.5627879740521962,0.8432887203412595
852,1.6698574955610523,2.259592781079152
853,1.3195008388850669,1.2609859170905546
854,0.5959574620977192,0.45349651156973286
855,1.6284638345866556,0.7359316097928105
856,0.8714153352850622,-1.3541068108698382
857,-1.2425721312985079,0.053484773640879016
858,1.4186417797732012,0.5522596473726533
859,0.25749402810987154,0.7671804047916796
860,0.12438776517224825,0.6612174651700878
861,0.26779798836339486,0.23306445713184382
862,-0.5268621851514455,-0.12156330769769469
863,2.5547342562655406,-0.7808894414950173
864,-0.06299619805693114,0.5220142247113363
865,-0.021819651861552127,-0.20773552843698648
866,-0.37948062849292363,1.0893370629352523
867,1.2148658180541683,1.2710554542830743
868,-0.9605011204758427,-1.8410256544538852
869,0.07024565554171566,-0.8804449412965001
870,0.058130130443945764,1.7714239502800282
871,-0.9451017845891573,1.239278122267308
872,-1.0039256308761326,-0.025514882297408656
873,0.6528735279216143,0.3328895394052071
874,1.7374609740742124,1.889112247206006
875,-0.6645510327813006,-0.2164645296756636
876,-0.4861249634812909,-0.14446839747052412
877,0.055152335560574514,0.43326223458376095
878,0.602040828031436,0.5155556715093871
879,0.5034578021060327,0.5199110810043288
880,-0.11223113844733529,-0.17259729415608094
881,-0.5042571450198403,0.160133940075743
882,0.3796212579729749,-0.7371156335276763
883,2.6623071990303018,1.0402537332277406
884,-0.8129956010876821,-0.1973925040120334
885,1.6650253056880593,-0.6569741078318623
886,0.4272928757143941,-1.961832870524427
887,-0.7233014550674707,0.755909438059544
888,-0.6767077529880351,0.6394270481754187
889,1.5253679432314333,0.3262516151526744
890,-0.7604048564163763,-0.41557161701476253
891,1.2685219950227873,0.10515495069084844
892,0.17104991119039462,-0.7271724729327808
893,-0.7759922234570187,-1.4693484875998684
894,1.0237068159916278,-0.7383799321624921
895,-0.6899558781374983,-1.7533380726131222
896,-0.40657053289202477,-0.38977046044209746
897,-0.15915236303828756,0.31912282073122566
898,1.7238811937972969,-1.9174854148508929
899,-0.41009302980521883,-0.5118701954913208
900,-0.006890495957022152,-1.2794718289540516
901,0.7384437005303958,-1.177373666830674
902,1.4113495779491183,1.027315343814088
903,1.3051104570313705,-1.011060386611588
904,0.2097417369592384,1.2544813420414167
905,0.8160858344124549,0.03818206730760502
906,0.8625794585179392,-3.0518617486431663
907,-0.15008010631063112,0.0166160945184536
908,0.8196513293177283,0.013936962639124587
909,-0.9663039115204295,-2.6261564557747166
910,1.1533391220433,-0.035114803163999946
911,-1.2541911379444397,-0.14731219435008147
912,0.020181271893408806,0.10339393182929993
913,0.17596087972512137,0.09398251738442162
914,0.6959970308807126,0.7440511587070691
915,-0.052469255103047466,0.7310738558710912
916,0.5637657036718754,0.054740115832983466
917,0.9662693407409138,-0.48149025025442266
918,-1.4955189932772668,1.1451096008274786
919,0.8757760738313097,1.4985984487894501
920,-0.6677476534457616,1.6152166295151569
921,-2.361809866480117,-0.6488572179931035
922,1.3770580967875632,0.07488656798941547
923,0.014389712099120388,-0.08908392970650977
924,-0.8821487297975692,0.4553495244994497
925,-0.2294464803778872,0.1302407537257881
926,2.554179997625472,1.4333797790074632
927,0.1470924194463192,0.808460468891138
928,0.06797784707545436,1.0859602260296628
929,-0.829350883588956,-1.4579237735845545
930,1.4451488413942972,0.41769420776652594
931,-0.18889835400859456,-0.36196906756536995
932,-0.5918767182421525,2.0358048079355835
933,-0.11123294997888367,-0.7749580776274629
934,1.036718674099702,-0.545433244564364
935,1.0649760275830453,0.16438909230407747
936,-1.513627350708018,1.6141610023739794
937,0.7839484466810385,-1.7449828773326268
938,-0.9823634848830305,-0.14099947314543965
939,0.4812820211690824,0.0392355156969086
940,-0.4854242363392428,-0.39159682372038035
941,1.319953717738906,-1.1529945891769904
942,0.08720029956563663,-2.592087665993615
943,0.2870128414752549,-0.41099815413310903
944,-0.907773610752603,-0.25837369934969506
945,0.4420460208962249,1.338529379107625
946,0.07569315768512454,-0.3727287178849618
947,-0.5563806523275174,-0.8651039878721541
948,-0.1361094569158268,-0.7606231754214938
949,-1.3363714912849538,-0.5381069227395245
950,-0.27457215425874587,-1.5594906704924694
951,-0.18530995073690323,1.137578488065066
952,-0.0577523795320391,-0.7679116249962762
953,1.1446644038825582,-0.3528100617178403
954,0.12530301883147332,0.21829551971955724
955,-1.3595410837646038,0.4793688798120834
956,1.558926050433427,-0.6690331605995196
957,-0.7936111120848582,-1.0712410320513641
958,-0.010505957879438725,0.4703402987678329
959,0.3573026427209397,-0.12476101858448521
960,-0.8956522333835047,0.5080375955946111
961,-0.2775623646187026,1.2923144021839832
962,-0.5391375297503107,-2.327511260498636
963,2.960721449253438,-2.1867391358358446
964,-0.7568751937127796,-0.2920759299958415
965,-0.5890000987530115,-0.3231282025413912
966,2.222866158196559,0.5966187827998519
967,-0.6937102153804519,-0.7369447908111912
968,-0.14553216283109613,1.1881890741258192
969,-1.1330767972816898,-0.6783433266234826
970,-0.26500235603851335,0.2019312486388886
971,-0.13307882638810287,1.0697572670662892
972,0.05610639252034231,0.25810549043632786
973,-0.704013827084443,-0.18594356891831276
974,-1.3390281871439143,-0.26973904678313254
975,0.7673635445652024,-1.0109877857444198
976,-0.5647456895175694,0.9179950699479609
977,0.08782607186822232,-1.458290830367507
978,-0.9343411141332809,-0.39405881840117757
979,-0.8365468553019535,0.4415150538243076
980,-0.05979644508141083,1.5302934213984296
981,-0.09928174998964893,-1.081097522771585
982,-0.3578617962375907,-0.013885267566286604
983,-0.21240675035729922,-0.2799438246043125
984,-0.9280055347779832,0.3034839611726252
985,-0.9807045397686324,-0.3249770727054163
986,1.6400530998473437,-1.1216093700252527
987,-0.031876559276640556,-1.5228126777172908
988,1.6081074446085861,-1.4940474311389886
989,-1.6278120880864486,0.739241135053096
990,-0.15175144462300785,-0.9066936437878522
991,1.3436241144413037,0.6237364486242953
992,-0.7120861789626487,-0.5426769559617619
993,0.7793176055787985,0.5826510275602929
994,0.12049227978272771,-0.18179004187209497
995,-1.2175797715423526,1.5261848754673888
996,1.3365591318809793,-1.2530499599753178
997,-0.792971373828551,-0.1042235152132177
998,1.1295143124249138,1.9579673778439086
999,1.0148863320884247,-1.4743100454017584
1000,-0.11292383870902002,0.2150459459179216
1001,-0.4529813599493186,-0.10196994503655732
1002,1.3633602607201323,0.7865939265201554
1003,1.5894795080757806,-0.5983036337517247
1004,-0.969480478303679,-0.7610885254700175
1005,0.21204621310893676,0.3221697265939062
1006,-1.484631988506958,1.3521444700268304
1007,0.11344407166933175,0.10608021781582483
1008,0.005479983630398665,-0.5844738070460936
1009,2.0895103092712892,-1.031339774893267
1010,0.04940487061815972,-0.5579974881035037
1011,-0.864011700505676,0.42037069295767426
1012,-0.6317499528292165,0.368306659204066
1013,0.4567921391184588,-0.8406495546531808
1014,-1.8843694429335327,0.46131016698797084
1015,-0.35153316052768413,-1.6925821022127465
1016,-0.29878460607254675,1.0277537793789258
1017,-0.0019162744970321849,0.1272101880642512
1018,0.002917439767894123,1.0600235322313076
1019,-0.28395576106009307,-0.11790590669339719
1020,-0.4584082074282013,0.20613089596479867
1021,0.20342585777484545,0.5511731123245978
1022,1.430979091164983,0.42986095234201727
1023,-1.5864556640495167,0.6982645873606915
1024,0.6695739734298523,0.3189163780124431
1025,0.5141362200606007,-0.5416531611116863
1026,0.5197868344253289,1.4719662855662712
1027,-0.5222813259925474,-0.3618761969309528
1028,-0.4578532627067193,0.8388826944869765
1029,-1.2972286865799099,-0.47418499458667884
1030,1.388586634661257,-0.8430398132412747
1031,1.531461888899925,1.8472229262149613
1032,-0.41900115609956995,0.7704829298399593
1033,0.1637858828385584,0.5010474492807064
1034,-0.645549620687308,0.22459469104206808
1035,0.9112066367685049,0.1015186430209006
1036,0.18391277332344413,-0.518117174100654
1037,-0.84038418833059,2.150110960930679
1038,-1.0974172520901049,-0.09183819781760497
1039,-0.5535063903870633,-0.9504351451635746
1040,-0.15045085933143,0.9801449365570921
1041,-0.04028925279302337,0.20665708522724788
1042,-0.1659409010045677,1.3338902802031434
1043,1.37735264837046,1.200131823931891
1044,-0.8077880869885159,0.872067468808183
1045,0.9036951016904795,-0.3991025352453331
1046,0.6248375595731442,0.10129784567355266
1047,-0.48743890002673285,0.46018688801882507
1048,0.6602332147041563,-0.28099068865512583
1049,0.45180534962099284,0.4282289787304063
1050,-1.3475824588919993,-0.6783688272113106
1051,0.9619412908244019,0.42077166238661257
1052,-0.24811961753560507,-0.32673859608851963
1053,-1.6897567878594268,0.22297307539909808
1054,1.0851648546755819,-1.4161278642429371
1055,-2.768155922126572,-1.834512823219691
1056,0.43598324727749027,-0.32299359430763136
1057,0.5773935102675094,2.2116886100749333
1058,-0.43779921756466084,-1.1395365227581824
1059,1.9842131141811736,0.5421831097894818
1060,2.1370819865841897,0.8298804949352915
1061,0.6226842834595421,-0.8910707064427378
1062,-0.35592094910238214,1.349033855407703
1063,1.0892342619524416,0.5618633248530123
1064,0.18149163714397093,1.2457323757782837
1065,1.7619613306291657,-1.2317238717571057
1066,0.28964630912265943,0.912202382984745
1067,-0.11565120002705913,-0.7593950766825612
1068,-0.648516000050807,0.9896584278417828
1069,-0.07092991867208798,-1.4562908737778217
1070,-1.5156873757908327,1.273585426393916
1071,-0.8519726736653255,0.9197009196530433
1072,0.6894163421762807,-1.4158571640203297
1073,1.0110512874176705,0.43725813898302895
1074,-0.5256004583184833,-0.34438323493160466
1075,3.1737220251050386,-2.566688316303238
1076,-0.24916406922480183,-0.4986714563716352
1077,0.3141117727961312,-1.562977923282783
1078,0.7187885881046517,2.052749417488454
1079,-1.1959533144333367,-0.8646636695106742
1080,-0.08770874087563565,-1.4308805985938746
1081,-0.6032177327742079,-0.46164518422327383
1082,-1.2926143281274662,1.2237053662536712
1083,0.6356174189148214,1.241881362917459
1084,1.3146685101811355,0.04610106503753299
1085,0.5657430340255544,0.9294369529654202
1086,-0.6409438426952241,-0.6781953702803373
1087,-0.27251295628076844,1.4133285777854854
1088,-0.3513836908144886,-0.6944780383472263
1089,1.044004565947849,0.8490938696049742
1090,2.0874759458960392,0.6172953849852272
1091,2.1049261903354703,-0.8198336577488203
1092,0.8281555645337427,2.069481471032541
1093,-1.39024449757058,1.0110651414361904
1094,-0.2562494515648091,-0.16427376654999742
1095,-1.162249124308547,1.6237085367051938
1096,0.5517302781683392,1.6022702118353818
1097,-1.1043841811803317,-0.09020721974473433
1098,1.0957557057003073,-0.6455725779262863
1099,-1.269695055879264,-0.9243942997390253
1100,0.7157167504626016,-0.5351087348172676
1101,-0.3301209031697213,0.7839828317082079
1102,-0.1973015431064904,0.679150622633399
1103,-2.048594730353104,0.6690234302991513
1104,-0.5475009868650529,0.2614000744867226
1105,-2.691200752951682,-2.3271662426290303
1106,0.5918706443713017,0.8877875953532907
1107,0.20382267975758298,1.1211442469067765
1108,1.4127199740377552,-0.020820793386560694
1109,0.5328763893715163,1.8099228663483937
1110,0.5653404131689576,-0.07279435280490801
1111,-0.735167453712387,1.2354528372149027
1112,-1.1100785645306661,-0.7594382193203718
1113,-0.5394207367136217,-0.2972992644776247
1114,0.7682695289566688,0.07224715440452552
1115,2.810351074672961,0.08277757302483611
1116,-0.15532311019483536,0.9457951326211788
1117,1.399241494521904,-1.5314204232725308
1118,-0.3358395041987794,-1.8817960551054247
1119,-1.7250036480596778,-1.141310202023489
1120,0.7307319962568712,0.06309442894873354
1121,-0.4641348557995707,-0.8575004805785552
1122,1.0558162494071834,0.19619015986980548
1123,-2.6212839158736334,-0.8940932123182603
1124,-0.32076706401231364,-0.17330887249232477
1125,-1.8971121474680188,-0.008403559797448602
1126,-0.25277954787413764,-0.6383573957190612
1127,-0.7114557718601348,0.4617851607562568
1128,-0.7449019635454597,-0.8693541983846644
1129,-0.18678467298343696,0.7169518531913643
1130,-0.34083231955757787,0.8219565703709515
1131,2.4096593307172824,0.1310848723847459
1132,1.1926449401392076,-1.6608289628848054
1133,-1.188782379264845,-1.5341134228501476
1134,-0.3614816350338334,0.568938585991843
1135,-1.223980981880408,0.38785387847945835
1136,0.8951524053338152,0.8921095488922413
1137,-0.7234795720646784,1.0633929553339994
1138,-0.8686387683652315,1.3890938780370472
1139,-0.6599158725188388,0.5416333884430163
1140,-1.4808306202155501,-0.624436223044035
1141,-0.3038363315142568,-1.083088757423504
1142,0.5937715594328398,0.014222729261276268
1143,0.8416060888347406,-0.4081378069327741
1144,1.5996756945906172,1.0190050711677738
1145,0.27879465351502886,0.5174363285916472
1146,1.4615071502004555,-0.5395313812364115
1147,-0.557514290045962,-1.279101910126112
1148,0.9009975564100715,-0.2974063653239427
1149,-1.2446452875023102,1.2563130243803349
1150,-1.3006884401988612,0.8692333142975115
1151,1.2967748811645434,-0.0016993314056426567
1152,1.6298444615134282,0.27981944878467513
1153,-0.5906917498403857,0.7987759083991404
1154,-1.598566441209593,-0.545305394369022
1155,-0.5550473413938093,-0.4503670419214357
1156,0.24297239504657123,0.8248744943814327
1157,0.4742273281841487,0.19767552612836248
1158,-0.35814931346493584,0.9205206678879305
1159,0.16879918355265316,-2.430496125699004
1160,-0.04571342013732365,0.5518431741190533
1161,1.1333505609357093,-0.8062503791945944
1162,-0.7222027039073248,-0.8789291857547608
1163,-0.04366252572370987,-1.0235355481763093
1164,-2.200124286253059,3.036687062176773
1165,-0.9420581956802435,0.5068094177057734
1166,1.6642004720576065,0.3528946964637459
1167,-0.8997152885233746,0.9324079771313857
1168,2.172623162272263,0.09285293358208209
1169,0.14032715800791679,0.4440771480578763
1170,-1.8760913394875098,-0.7985324582162596
1171,0.888887318789414,-0.8991834169390407
1172,-1.0449506244646887,0.6321945146385628
1173,-0.7513247229296808,1.2267202099881467
1174,-1.265535434940302,1.253374473786225
1175,-0.8683778943085358,-0.2016291515122567
1176,0.5578235099625862,0.12317616495077179
1177,0.9872419265358983,-0.3067063307839657
1178,-0.49141936653501345,-0.2012938309491784
1179,-0.5550969709513228,0.6001580098828553
1180,-1.167371643812786,0.46064803422708755
1181,-0.4858862363252935,-0.2852399360204775
1182,-0.9070196803866724,0.41152642420665
1183,0.45490059806862404,-0.684481611458709
1184,-0.7471229943089707,-1.0039549741856961
1185,2.106238623211424,0.12122959541866982
1186,1.3435167174252796,-1.113668605110972
1187,-1.1227947884398641,-0.4581878242289625
1188,0.9441234604968264,-0.21032550991017213
1189,0.25590431007425235,1.5340771880959512
1190,-0.650566749519368,-0.9172096761262879
1191,0.19356975839153237,-0.13150954244462956
1192,0.22825569274459226,0.21713456342431028
1193,0.23389696704091614,-0.8889778664975836
1194,-0.03751954154554035,-0.8292534775520289
1195,-1.4772058215045423,1.424476023745573
1196,-0.14130094492285117,-0.23253539216543878
1197,-1.8767612883747,-0.012840924237382005
1198,1.094100235933479,-1.1110898953299604
1199,-0.17775456668881928,0.010282848442386779
1200,-0.20609614326633577,0.1930620508944664
1201,0.16604885850594836,-0.4272452587718906
1202,1.0253612119407305,0.035705518815429
1203,0.5670435528876234,0.23344341674730543
1204,2.0824606620741295,-1.2661352335978555
1205,-0.05565086623470119,0.550771762398422
1206,0.6977621445151566,-1.537443968099672
1207,1.4845770468285844,0.5870690120535325
1208,-0.0568193856029174,0.32080838856704436
1209,-0.565525328688144,0.3891148630757612
1210,-1.6314756187133972,-0.3130047289753844
1211,0.12238329197983774,-1.7615797328548979
1212,-1.6853514897997046,-0.24169633826980147
1213,0.3535268923689353,-0.4639030981498039
1214,1.4526324428169521,-0.20488599167270705
1215,0.3454026502909347,0.6549174259975187
1216,1.1811038109504892,-0.18570167125651343
1217,-1.2459416117238769,1.4449196176469268
1218,-0.6067786677395699,1.6336860189912736
1219,0.3441891777411926,1.8982119773965236
1220,1.204613677887585,-2.2065553553588297
1221,-0.06305883847131044,-1.0336236903703995
1222,-1.3920843931187876,1.362749527912035
1223,1.5298519011345575,0.3413205009409942
1224,-0.3825277103975606,0.686724300358949
1225,-1.4673505139365002,-0.48668572919921965
1226,-1.2966800797113922,-0.7851982437413219
1227,-0.22410866359568404,1.2175092745845124
1228,0.66951360111779,-1.6466039824751353
1229,1.4698096064110782,0.9241631092592203
1230,0.2612526518906038,1.4606809727183256
1231,0.11347102821705425,-2.1536644208275315
1232,0.880996945728741,0.8138200921453103
1233,2.4415425772977244,-1.037754991769445
1234,-0.27475815264134584,0.5221346660356422
1235,0.4321461477124331,-0.060122160535497474
1236,-0.8469789642731151,-0.7207611692464321
1237,1.360165719264226,-0.35700069246294536
1238,0.1293804979508279,-0.03918007380615553
1239,-1.0282897021384423,-0.6701664287090563
1240,1.5136499769501082,0.8938889870590984
1241,-0.01077199351822748,-1.6291552133480667
1242,1.3664335813409583,-1.054304933004646
1243,1.5141893012439394,-0.38049978374409665
1244,-0.04811901778549027,-2.025155110084878
1245,-0.16448199942353672,1.0983565555960177
1246,-1.9228238151451587,0.25940369338143343
1247,0.2356449418076007,-0.7200818931111419
1248,-1.9108056450512778,1.3059293094137203
1249,0.4154284732922737,1.0787781605700664
1250,-0.46094955231373125,-1.1104539936554705
1251,-0.2631500225714283,0.506673435118453
1252,-0.7654487495302785,-1.7122711053489288
1253,2.175303628320185,-0.4398058961357085
1254,-2.141291210209518,-0.3843713622504004
1255,-1.0418027048354699,0.8426707689411905
1256,-0.8253925606999293,0.33166667107394465
1257,0.4892972435591009,1.7064539658676583
1258,-1.207469099519991,-0.05896394836647096
1259,-0.409327047442684,0.6474908547301981
1260,1.165090788467546,-1.1216276148835498
1261,0.673158063175653,-1.0064511533342726
1262,-0.47130467728957215,0.3365670147128699
1263,-0.4000039071553197,-0.4930626093515614
1264,0.3075150412271643,-0.9855196938798391
1265,-0.5685829380070292,0.10864906429817159
1266,0.6254115938970227,0.38793914036940863
1267,-2.946418772574339,0.5006777626670529
1268,0.8785803295798909,0.5520294742370305
1269,-0.6027357097459554,0.3554153953964307
1270,-0.8471385268472136,-0.7254896746653584
1271,1.033230139116423,0.07869546864511236
1272,0.27960048795083803,1.441094225721708
1273,-1.4624696972874842,-2.0923736116871066
1274,-0.06369271523590676,-1.2043873675853243
1275,0.6883486721732657,0.9178655444583341
1276,-1.4016632626248677,2.2130065484252466
1277,-1.0557455891151721,-0.14063704210198455
1278,-0.32014864286531425,1.633061266201444
1279,1.4645284874415725,0.8893981762356239
1280,-0.21951516773839166,-0.4186340735429223
1281,-0.42892108439706844,-0.16682748888159266
1282,0.5792311720195363,-0.28883696838061074
1283,0.8885818596059778,0.8941090102896343
1284,1.6784243867500679,0.7681974370633717
1285,-0.19154231197605381,-1.860839092737308
1286,-1.5509240120840397,2.3192560419135915
1287,0.7969245398483887,0.9967087699067357
1288,0.21146665307049117,-0.0064858312182777
1289,-1.1694241416096218,0.7441656561669563
1290,-0.32255267509575986,-0.5816103790018542
1291,0.008101190998698984,0.6661228064429412
1292,-1.47084445553359,-1.8637153790465013
1293,0.9846851856406106,-0.4199687237655904
1294,0.9184658860373034,0.17322183854964032
1295,0.713329760162355,0.048295364180872005
1296,0.5526886325892454,-1.0416131067923564
1297,0.779128556892762,-1.7938321768200707
1298,0.16399426430702344,-1.758201445765987
1299,-0.11758714890577775,0.6660438117460505
1300,-0.5771422887252714,-0.5816876295189572
1301,0.12869429577824773,-0.8645249199520285
1302,-0.14136435875492082,-0.010005649969703666
1303,0.08016117668821802,-0.2507899125292851
1304,-0.6579052201962526,-0.6638752255775775
1305,0.005135468196928625,-0.18870977056288915
1306,0.37637646264909824,-0.42383150579807954
1307,0.2139675873106755,0.5094785226158033
1308,-0.3494782489801848,0.9145885447426862
1309,-0.5134144126272511,-0.10273116303059297
1310,-0.38069844948685433,-0.6782892704994025
1311,-1.1267640244279389,-1.5359576232756302
1312,-0.7615837749340628,-0.8572654073344331
1313,-0.8896385602373494,-1.3370967586992708
1314,0.12638971263205262,-0.37584472421446735
1315,0.04275854706126611,0.7613280005904159
1316,1.1935463731913738,-0.1380480074588301
1317,0.006448202273861256,0.0041691227065258725
1318,0.7989691427536928,1.4093642103609954
1319,-1.2943376041093002,0.5449499097950002
1320,0.13857434907971788,1.9727164557298336
1321,-0.5196575269841927,0.19372882336608566
1322,0.36456078615584553,-0.6601178511820135
1323,1.3577775963072183,1.1188879069731965
1324,0.22545738698027393,-1.0688799178107193
1325,-0.18588753474879255,-1.052506613672603
1326,0.5621554702045733,-0.21063766591735494
1327,0.23527514005102307,-0.0641866140593621
1328,0.23748730849421215,0.6195559531614997
1329,-0.4595512429846283,-0.16695271665462064
1330,-0.37034285114207754,1.0976259105027732
1331,0.5299927863878037,0.0013022706075338122
1332,0.22647645583382564,-0.3237906037372784
1333,-1.870543156818152,0.5683035366136567
1334,-0.6108676427912566,-1.0072278004018869
1335,-1.6399553808879082,-1.7929850290402478
1336,0.32342444267593584,1.155878501095773
1337,-0.9162124547226298,0.7137219861995993
1338,1.2390545489371523,-1.5964274133719096
1339,0.11484486721898303,0.1317701859933765
1340,0.6116118362869518,0.911351875795386
1341,0.09793637115489578,-0.13463043796379234
1342,-0.54000338228807,-1.2504625974808965
1343,0.40850826244893573,-0.6097921107702406
1344,1.2259564405764523,-1.3401555171197328
1345,-0.567745876607794,-0.5715495327461805
1346,-0.9090156857746684,0.48789165766150516
1347,2.179485673090233,-1.059586466275952
1348,1.2511938819270534,0.2208183949080217
1349,-0.058027942803014196,-2.1318683904231674
1350,0.13021411888656773,-1.5520655613768861
1351,-1.5774749993695225,0.24975539086558476
1352,0.26986994202447384,0.8213721151687239
1353,-1.2826256417810467,0.09064179861583621
1354,0.2609247343936832,0.4620291005288865
1355,-0.1428548641462263,0.23343330277963983
1356,0.3184160927794746,-0.11893751366563263
1357,0.03681690566513921,0.7627251950978686
1358,0.4844948947783346,-0.5881455501172266
1359,0.43488559010155486,-0.5499746564872082
1360,-0.9736237371503115,-1.1304426253216258
1361,-0.7421216353846345,-0.21374519191746422
1362,-0.6615829519342628,1.1189250600184957
1363,-0.16102189035038655,-1.3590587988209506
1364,0.8756287372974753,-2.565880533636575
1365,-1.761654912703756,-0.32769655289349303
1366,0.9683868251843446,0.5828337678588942
1367,0.16670827486795228,0.7603225218502209
1368,-1.0572694471168187,0.16285706847375486
1369,1.2568489059721941,0.18440163436540094
1370,1.3791271622616865,0.3048099367807085
1371,0.9959072141631972,1.9218607343277152
1372,0.780830920290107,-0.8528948529108523
1373,0.014857429475609064,-0.34373968576975
1374,1.3143065813300192,1.177663083366378
1375,-2.174321678244128,0.34530989881684393
1376,-0.4310449831772798,0.20506569451339504
1377,0.7754428180323024,1.0244880586419514
1378,0.8978193446215811,-0.22686137920601795
1379,0.18610699735046643,-0.9768413317747382
1380,0.2277219316538387,0.08072507817458989
1381,0.3066109406955574,-0.31092700762433495
1382,0.7585082680441972,-0.15526303884661974
1383,1.1274850853930916,2.315301090274744
1384,-1.7469615146468123,0.594200002687541
1385,1.3099446814409923,0.17558512526409292
1386,-0.30365763428838777,-0.9661871777282499
1387,0.7795038570127757,1.3295957807430372
1388,-0.6038267018190125,-0.21069024849077184
1389,-0.3119395928020076,-0.11754188554776415
1390,1.1596851460439643,-2.4011043139551185
1391,1.391551248765196,-0.24568859674701776
1392,-0.09418784328358087,-1.004040284557669
1393,1.3094960882901239,-0.5422772607150501
1394,-0.5407969064207311,0.2060027034833722
1395,0.5676814466107957,1.2745054430957194
1396,-1.6511620900519213,-0.560499820898882
1397,1.5604084052681535,-1.1420076756576687
1398,-0.026262288680959856,-1.5035379486122424
1399,-0.4905045082183574,0.48474838462221037
1400,-0.9032044506867881,-2.1458481698684944
1401,0.7007717240708563,-1.160017213116805
1402,-0.3604764711777397,-2.146670011999864
1403,1.0349489972609298,0.6275226289628262
1404,0.8435205934990089,-0.67695185109707
1405,-0.7434285082184191,-3.0410789983968236
1406,1.2888875043995334,1.8451797060105146
1407,-2.672522487643693,-0.32062202433505455
1408,-0.24964274811612636,0.46936270501800453
1409,-1.6028369502813857,-0.8513221159862685
1410,0.12008069074588583,0.6566990355519956
1411,0.7587693760596187,-0.04355989724815388
1412,1.0443853063416544,-0.3698226158433157
1413,-0.9253053786653843,-0.8389558169695682
1414,-0.4252194930215914,-0.311934599420327
1415,-2.651494168986709,-1.135407790060481
1416,1.460880721259339,0.6261399690919173
1417,0.789213435331511,-0.049752246396696724
1418,1.2159271112366572,1.3400171421457139
1419,0.056495095992107246,-1.1436324572808931
1420,0.4087196536203752,-1.504832752874611
1421,-0.7559176397285954,0.19639537166612603
1422,0.290580244934439,0.9658877949244565
1423,0.36555055412559234,-1.1906743613696826
1424,0.05220996391480932,0.33787413699198887
1425,-0.25618174100300595,-0.01533605283196957
1426,0.6078484800963458,-0.018815992103265133
1427,0.5257592625555094,1.809112233848411
1428,-0.03216316036845923,0.1793265502195293
1429,-1.8865152893723505,1.3701436266891869
1430,-1.2684697398371827,0.1492049838574526
1431,-0.6651224426101378,-0.7212496250561011
1432,-0.24694606161611132,0.14763602048830343
1433,1.3555207288995637,-0.6263684220586071
1434,-0.6733524379483404,-0.17246548516548457
1435,0.6025888940977809,2.3301164031430006
1436,0.1741744516959032,-3.1660048854191034
1437,1.0779346906914133,-0.6334757150043144
1438,0.5146084874686669,-2.225878258034241
1439,1.265379759465491,-1.112220750417074
1440,-0.6918397998044382,0.04030116822469168
1441,1.079453190331787,0.38937365068309726
1442,-0.8465671674745143,0.21783295927337357
1443,0.5216815753575034,1.5487740063582403
1444,-0.3921712206761263,0.7290366383132918
1445,1.4653394675929075,-0.8573474197167633
1446,-1.803169936094027,-0.8418103292696735
1447,1.2245343105710536,-0.6386976835924939
1448,-0.585250701791676,-0.7461208096432745
1449,0.8615330244771466,-1.9321423726125484
1450,-0.5758182537729183,-0.4377523712472692
1451,-0.7261207149979997,1.4158192203225886
1452,-0.9450401590285801,-0.6699655302115638
1453,-1.6485349013033415,-0.7131253049441582
1454,-0.5422683602296806,0.11491602301033962
1455,-1.7156933117246325,-1.2330055450443551
1456,-0.17806516268199582,1.4050532710152481
1457,0.48970458333229294,1.4271171243743266
1458,0.7569099831141979,0.3992776317067288
1459,0.46849299975304415,0.13319894024495657
1460,0.02043879390034735,0.9470581064423175
1461,-0.15712999051975404,-0.19014282621271805
1462,0.1601981014259561,0.01720866677582286
1463,-1.1541880127987643,-0.46810708354369374
1464,0.31828835398870575,-0.6632435571251569
1465,0.32720716064259986,-1.8051498143493454
1466,1.4318939127841406,0.49257640541858233
1467,-0.7456266429445034,-1.2084684596660906
1468,0.2131940424848762,-0.23313470566122388
1469,-0.23519956497557076,0.6912368233783122
1470,-0.18503063094714228,-0.9330192368255313
1471,1.925113750017284,-1.639477495676205
1472,0.9582011742147815,0.3673264427367713
1473,-1.7501039042625197,0.2659649426120239
1474,0.12428126923079008,-1.3413401089057317
1475,-2.026898333372994,0.7328028091134524
1476,1.3507479294968041,-0.08552892260012408
1477,0.46155910016450546,0.8878036252729454
1478,-1.885773585025599,1.0066994983927429
1479,-0.2819432160114056,-0.9699142549478927
1480,-0.6796058722442302,0.7209634335062135
1481,-0.5501344491052238,0.4383193066859361
1482,-0.29436617205943594,-0.12642486287210614
1483,0.635725697742587,-1.1643705210020803
1484,-0.2702888557743689,0.3239662458350038
1485,-1.2345032225549004,0.37344272655857674
1486,1.6408874554103106,-0.35288143353821183
1487,-2.160808733051394,1.159379952839834
1488,1.8810471788405225,-0.343483657550956
1489,0.04815392496765226,-0.46744060545679295
1490,-0.06580792467187048,-0.4470946139946303
1491,1.011279904435069,0.48518691600626823
1492,-0.645010344888361,0.7679979842596296
1493,0.43898171958116994,-0.4133814776143369
1494,-0.3868017685629223,0.50234146048627
1495,1.6394758577374402,0.7573155249791376
1496,-0.1674708282301737,-1.148777830249198
1497,-1.921023764030422,-0.16445547879819858
1498,0.3791498396093695,-0.9435550984018626
1499,0.09900638972865658,-1.4875456168917514
1500,0.6383251096221298,-0.674095335820784
1501,0.9316392214546114,0.4395327025546189
1502,0.37709292264112726,2.016856348909974
1503,0.7370488085027774,-0.18233036837597458
1504,0.14467808634976317,0.9815320321494957
1505,0.31802853113599755,-0.7773399872666011
1506,0.36596768603045404,-0.21630022211149474
1507,0.1534099508234279,-0.9963391860620917
1508,-1.6669772107630767,-0.01715570484769869
1509,0.34131647992891273,0.06293667764403613
1510,0.4584706874265599,-2.6367960305337412
1511,-1.4347148759745623,-0.17024859201689677
1512,0.8261072191744995,-0.9383911283303383
1513,0.06388273610472887,0.05024117022823694
1514,-2.085098579205596,2.198091226166049
1515,-0.5130587393480892,-0.7348504299456382
1516,-0.6196930600529216,-1.284715355784913
1517,-1.4372558972355367,1.2550982140182203
1518,-1.82789476869828,0.956345716580842
1519,0.18985665900014706,1.6557273002462727
1520,-1.7115083585899573,1.1756357498200887
1521,0.6227068171038099,0.49689280929093843
1522,0.4552879718917359,0.09769808306270834
1523,0.6555824453714432,0.34137956224140636
1524,-1.2404100097945365,-1.3979235324136439
1525,-0.14168989998092085,0.3674394930622306
1526,1.2871427897418999,1.5886817495825132
1527,-0.7511513825291574,-0.0032757264388984467
1528,1.5817564743600232,0.5284572632304816
1529,-0.9391089108449432,-1.0519686993781177
1530,-0.4157989593263783,-1.12854651189403
1531,0.14512147066620568,0.2636072263693658
1532,0.7908893959423512,-1.1617237861350411
1533,-0.6894729912095693,-0.5676861645747393
1534,1.0907821803596034,-0.28270206532833836
1535,0.3789553366890434,-0.7884541210860414
1536,-0.030072332438939444,-0.02705581703351289
1537,-1.173376892216654,0.4019309514641916
1538,-0.6677549789959396,0.32278648279302424
1539,0.07434429584245476,2.313339525604944
1540,-0.6709815869004361,0.5304111975659928
1541,0.7499861960347509,-0.1780143838254136
1542,0.2779172909196351,0.18799693512719176
1543,0.28509644542429324,0.6742169226227069
1544,0.9473523282674648,-0.4283139941301793
1545,-0.8162518757589108,-0.5897200513454913
1546,0.128113181082599,-1.5633498835571735
1547,0.17399432113088886,0.29737933613503453
1548,-0.1423715427561982,3.2158170996669626
1549,0.43722555865739954,-0.8979171678736042
1550,-2.127842378157579,0.011183322965563602
1551,-1.014195808739122,-0.06742222969373511
1552,-1.4356024236574534,0.272865668292376
1553,-0.9745251849667349,-0.03438237150083706
1554,1.4596133400790392,-1.4904220159755877
1555,-1.3770237370146856,-0.465484506309315
1556,-0.04531784237296495,-1.206590267497139
1557,-0.7327428819557615,-0.05183340641636327
1558,1.7141445247060778,-0.21476930344641923
1559,-0.5726200803623701,0.2999684467807819
1560,0.9269991329916315,-0.178044291879214
1561,-0.18438100109632857,-0.4749099390490282
1562,0.31966605695311473,0.46720910247770703
1563,-1.2444576759499717,-0.4086458639446594
1564,-0.004369603218881931,-0.1276445665839114
1565,-0.5955005023697417,0.9450595176325186
1566,-0.7638669705365998,0.7439404164577982
1567,0.7460190443223224,-1.9965191974513077
1568,-0.5046608836873224,-1.6150375291478287
1569,1.4627043380107243,-0.08219077557784465
1570,0.7550607711580024,-1.5434402532078662
1571,1.5641662961791996,1.700501030667624
1572,0.3733474054918883,-1.3437640534461013
1573,0.4057614340687589,-0.9127811909480178
1574,-0.9344101108104443,-0.2888715236138966
1575,-0.6411923059055176,-1.4782169102675524
1576,0.958444847287643,-1.0438105326336127
1577,-0.6433815207160153,-0.5747364947817356
1578,0.9566195095075055,-0.9495834520814349
1579,1.1220445056342259,-0.7663277940649535
1580,-0.9223951800923659,-0.18332427294295145
1581,-0.33684626914887705,0.4616886031989749
1582,0.5367406910536482,-0.0980847474967442
1583,-1.761476891319018,1.7532720578725274
1584,0.20558669205015245,-1.8830834530802218
1585,-1.174737086912896,0.9336473993591664
1586,-0.7046859485201465,-0.425381573121956
1587,0.9633068507172943,0.3420046414533335
1588,0.10922838367684569,0.8476989592502286
1589,-0.8246105445207896,-0.23107530808808513
1590,-0.16144119387750835,0.1557394669429004
1591,0.7612100194484157,-0.8021485491387759
1592,-0.5186478103585375,-1.1244630913741864
1593,-0.24669420436547784,1.5056403937591736
1594,-0.47973977733461515,1.1082423091281992
1595,1.5298300163268743,0.7782128631948412
1596,-0.9628532831269209,1.9908064819592912
1597,-0.08053745928578444,0.08020325964315911
1598,0.9388341778716616,-0.601937776409036
1599,-0.5474887763047722,-1.4204156303723448
1600,-0.19030430932733314,0.6620731562657148
1601,0.20855846924487786,-0.20339616618012457
1602,0.22518706822104056,1.5108434808488262
1603,1.6991929859897639,0.8903026744851605
1604,0.6978123256702925,-0.08474488355196845
1605,0.10854476590959208,0.09670111939754296
1606,-0.9057705818446138,-2.821875178117535
1607,0.9525780610001877,1.1288531637777783
1608,0.7997784088931529,-0.7615058707060143
1609,-0.9017127009648752,1.7214299747661579
1610,1.0252213458717934,2.2562919931856413
1611,-0.6069252638900076,1.3110873274461896
1612,0.5550930610603303,0.7369539872802958
1613,-0.6261453612416542,-1.065488670125208
1614,-0.6846351714354286,-0.323260667277226
1615,2.287269208298356,0.1472797811216826
1616,0.14846035465725235,-1.8599318340273918
1617,-0.41024642663929917,-1.655457700881464
1618,-0.41776015030102737,0.22908944298436365
1619,1.2804749997973066,-0.880738936661319
1620,0.06121703745103236,0.5019021635854761
1621,-0.40944575440536496,1.4662416768790287
1622,1.6489680025575533,0.671163059589073
1623,-0.6685704969536426,-0.9594245320234974
1624,-0.42347526130720825,-0.342351241395591
1625,-0.36178701144871767,1.0256017581066865
1626,-1.1363387889700884,-0.4406600444395811
1627,0.268552298456517,-0.02586863807083663
1628,-0.1658649162639163,0.04017862946884054
1629,0.573147687534313,-0.25134605462608434
1630,-1.222687347628593,-1.7498375568248759
1631,2.788837038774021,1.8872650959962516
1632,1.0631546480681904,1.474885135004235
1633,0.3008182758181702,-1.8725068190488265
1634,-0.9016592813095756,1.4845136813557476
1635,1.0802518326268213,0.6429958285346361
1636,0.9530034046520953,-0.9334290635259063
1637,-0.3705040564830124,2.810083934718154
1638,1.4173534364618412,0.07514372876472196
1639,-1.0228407758896223,0.6063581747346385
1640,-1.5371761855398303,0.05684132041919208
1641,-0.7535334290148388,1.478467110972076
1642,-0.8020402129972207,0.578538885470508
1643,-0.3903037429033036,-1.1881638566189627
1644,0.5608977180122939,0.5227452224558041
1645,1.371041761988312,0.7554396292844102
1646,0.22901150474394463,1.4892330549860573
1647,-1.4069200113773654,-0.0347790877256764
1648,0.8287835553605638,0.3111334406644273
1649,0.5806933641950381,-1.3989215821780092
1650,0.1028326339085555,0.487508883044305
1651,-0.1567691940234836,-0.7598343947449968
1652,2.936076677136068,-0.7321250919997676
1653,0.3080498742665699,0.6694467806889512
1654,-1.4286819351047373,-0.45407845698485444
1655,-1.0763452737407546,0.7665985290443523
1656,0.8410497666895895,-1.4651009400094708
1657,-1.1884275390363506,1.537652602128361
1658,-0.47911689998591295,-2.185628688707448
1659,-0.02037087594286782,2.2951159282344173
1660,-0.5812463774817367,1.0495221144262137
1661,-0.26775949071908334,0.4983084326120539
1662,-1.3319446426424877,1.3177774474810375
1663,0.24943329356427207,0.36498130176582727
1664,-0.07457357634322241,-1.3008437756174094
1665,1.3879540407520494,-1.2694170951721053
1666,0.7602139787587431,-0.10536989207374489
1667,1.240053875268583,-0.774221193871032
1668,-2.377019562835983,-2.4040315271498613
1669,-1.0698419162718131,1.7453618509537163
1670,0.8704015456521561,1.2189311167995631
1671,-0.7799201517119542,1.740553438143832
1672,-1.7806575274741339,-0.3801305951875375
1673,-0.12565928973145354,-0.5588789902032472
1674,1.112636825651303,-1.5172657844130186
1675,0.41684030918420156,-0.1335606111529458
1676,-1.2042250723612702,-0.039003925351215586
1677,-1.146608776800991,-0.35699574769184994
1678,-0.15134501290461913,-0.12557766698723422
1679,0.42092052289624804,1.2608216782087363
1680,-2.0058338636657207,-0.3200983503193581
1681,1.0218331577828772,-0.05898429529539176
1682,1.0477693916923803,1.3564544140167822
1683,0.6317656286969482,-0.3071995853976538
1684,-1.2028672912186211,0.5187321997424
1685,-0.7012715415724896,-0.5068363478620368
1686,-0.5393566237575101,0.5165284226105141
1687,2.162919591434561,0.3959156195523092
1688,-0.011735419104806433,0.560599500481512
1689,1.1204402213553903,0.2219040127579962
1690,0.1615281488536563,0.2155165637408874
1691,0.4401715086673124,3.1882618885178227
1692,0.06978361088530027,0.44066350678270794
1693,-0.08958780641536704,0.7319184039598917
1694,-0.4323744581823576,-0.9802417414279242
1695,-1.6064142244234014,0.4632123960023517
1696,-1.1005005796735352,-0.07471237318802763
1697,-0.06655376125891038,-0.5414498014713316
1698,0.9219278686877597,1.0131010813772308
1699,0.5879507257304902,-0.21533509054649433
1700,-1.0130043254931185,-0.09133397845311818
1701,-0.731534137657449,0.7136418853375242
1702,0.4768123948194696,1.8979888431464862
1703,-1.7153777033825,0.2378067732695813
1704,0.14729038476242096,2.606523124301516
1705,-0.6110551236422218,-1.4087831689577721
1706,0.05605915303436806,1.02215628000981
1707,0.08069217513320007,1.6030240238919649
1708,-0.17024920864657542,-0.3692584545580706
1709,-0.4114012857561465,0.3984865481059264
1710,0.7309845132102045,1.4695728968807833
1711,-0.8948820326546206,-0.6738663713630173
1712,0.3436886015529226,-1.1488548245810526
1713,-1.9444046349012953,-1.812170984281788
1714,1.228784105726858,-1.0537907186257733
1715,2.047014593805266,1.014297848782563
1716,0.16438853668025777,1.0409918265907347
1717,0.9008593205436973,-0.6345505886975282
1718,-0.16450969777729915,0.9161105595332963
1719,-0.5965400993372952,-0.9192519067551355
1720,0.8647970651348809,0.9584873886790128
1721,-0.1385848473531675,1.007787572687159
1722,-0.19632113966916728,-0.551846874377019
1723,0.2971650917241495,-0.9538689618766663
1724,0.3206756778240146,0.06579951559624551
1725,0.6021789677964778,0.8344427692061028
1726,0.2957720339820207,-0.11296292709198587
1727,0.2659227414236682,-0.3708882680727766
1728,-0.027663217824469663,-0.8320569874096618
1729,1.4897004825699764,-1.6997988071025982
1730,-0.4911691220343994,-0.4555306414956153
1731,0.37795779283664405,-0.695978019445331
1732,0.5815542842518515,0.2689749542710192
1733,0.030170154825655077,0.9240879163764311
1734,-0.7470743456443285,1.2088106223694581
1735,0.3339450844074129,0.4267308686794921
1736,0.8082763190266352,0.05253781084020121
1737,0.7052730297150647,-1.383336289083976
1738,1.2284895441072368,1.6488274309361783
1739,-1.4729047446223054,-0.992754059806467
1740,2.201587289656723,0.8800874561134177
1741,0.520526585050632,-1.3177696881668675
1742,0.6933277551931276,0.26494366636409467
1743,-1.2907386136848298,-0.5771204022249671
1744,0.8104573648389227,-0.1385187708792819
1745,-2.3927610151568657,0.6930231750959659
1746,-0.9358955807488846,1.236371286280428
1747,-0.3278330812822698,0.15512658832696916
1748,0.3712924699239522,-2.31044115873044
1749,-1.1383544142655904,-0.7099367843271218
1750,-0.7815796167099884,0.6857833980774596
1751,-0.1599529976282506,-1.1986956151785821
1752,-0.8738223253874868,1.0065742740083017
1753,-1.468772349676997,-0.4815413961021655
1754,0.09063749663716646,-0.46115029227335164
1755,-1.4443195579440085,0.1022334445477785
1756,-0.45907198148852857,-0.8610666735089334
1757,0.5136301365507554,-0.9206219334041492
1758,0.7651826181960415,1.5717834706331746
1759,-2.2710225511859803,0.7738675834571686
1760,0.2943139147543849,-0.3737046378075291
1761,-0.6588250136270328,-0.062287344864786535
1762,-1.2063987311166933,-0.11737171134425327
1763,0.49036797158052386,1.0722504484139723
1764,-0.025887448397771642,-0.15740525174307982
1765,1.3894898476965325,-0.4133461024801862
1766,0.12667066973295685,-0.5441523889961544
1767,-0.9867362694617785,-0.1936893051620281
1768,-0.08811015457103648,0.5603144700489877
1769,-0.032175968722110225,-0.20474197818252265
1770,-1.5125189185204793,-0.09834614369445958
1771,-0.8037229022801302,1.6351745558765498
1772,0.08572752858882021,1.3626378587674182
1773,-0.548685592998526,0.3947419608182239
1774,-2.04302307309864,-0.18465725253777004
1775,-0.7570994238479853,1.9894191814695865
1776,1.0800240957118648,-1.2826725930015879
1777,-1.0531259347439477,-1.0661303501748545
1778,2.3973059467605013,-0.44790029110713264
1779,0.2230825935029632,2.1762275294095867
1780,0.8006165548824622,0.7016130158309656
1781,1.408196220338059,0.9858211544720854
1782,-1.2207431276010285,-0.11495085875733509
1783,-0.20189197391385474,0.6515161792815389
1784,0.8593948556513967,1.2967414046751733
1785,-1.4085911988433084,0.8313155953200231
1786,0.31659631120825305,0.678825470047312
1787,-1.0549751073254439,0.4840388094801807
1788,-0.9691849980288434,2.0663573580535584
1789,-1.2635899173850322,0.2117023340301131
1790,-0.46538851298092276,-0.2739908815949397
1791,0.030793246005731627,0.9392954280322784
1792,-2.1986901472289286,0.6520175411586822
1793,0.3548225944573674,-0.8973539658408359
1794,-3.2666196367063325,-0.6856906736979909
1795,0.4967104790464561,-0.37861529641060043
1796,0.28711472487229267,1.2332914658704552
1797,0.0848923025185282,0.2283733858267207
1798,-0.25863858296035097,1.0312397239312534
1799,1.053835304096125,-0.22380817381297458
1800,1.8587554761822909,1.4517794701434235
1801,-1.4945122740994778,-0.11856835118262468
1802,1.4871441582319098,0.1803764535336028
1803,0.3861970655516816,0.160368784409687
1804,1.1113674247415164,-0.41873498281800003
1805,0.0895489820488571,0.7017163159709726
1806,0.7137545917673112,0.7255001821884519
1807,-0.10947891514294929,-0.9395698347725633
1808,0.33748344952981146,0.2618546226120555
1809,0.8305638076155595,0.6488842703357665
1810,-0.2002712059739115,-0.29644989379366826
1811,-0.29593283926999175,-0.8103437174879112
1812,1.501058892869913,0.6239706699719364
1813,0.3718766346665178,0.41566997219484636
1814,1.1154458897785224,0.18145634874183214
1815,0.8287826336074711,-0.8075681609482899
1816,-0.7259677324668856,0.37322983275010974
1817,0.2986224424125159,0.4775384657688933
1818,-0.3574801296973442,0.30788371848403845
1819,-0.07384781634811852,0.6656985090241959
1820,0.631962149752266,-0.4623269790992793
1821,-0.6477080806422667,-1.2906944350479403
1822,1.0595448632485593,-0.04124451731119823
1823,-0.49169275671593565,-1.8911198960661812
1824,-0.28077105909611844,1.4702714878117285
1825,0.05697845898911711,-0.7955481791479446
1826,-1.2879666342413107,-0.2764689032242613
1827,0.9322456442964483,0.6109208687453012
1828,0.8296798214238105,-1.0012247553769178
1829,-0.5499202507317539,-0.547907104664203
1830,2.504738200878613,-0.6125934225846248
1831,-1.7166594014055583,0.18466430898458988
1832,1.1015910032585925,0.49206180464170196
1833,-0.3482365690785577,-0.1183623870333455
1834,1.916224934665735,0.0323322372860123
1835,-0.125303080297634,-0.4986480444429407
1836,-0.18243578152223958,-1.0667413395838077
1837,-0.9857718144347147,-0.558354080908212
1838,1.3924743662399932,0.6489570916917532
1839,-0.42974339758746005,-0.13889255089298727
1840,1.161162322341662,2.3444556352129435
1841,0.3231284974736572,1.3992600828166124
1842,1.4474804136671051,-0.5828033998717999
1843,1.2569085789865795,1.4107905885649532
1844,-0.5322409295921889,1.5362564652235922
1845,1.3790894495248331,0.6413152751092039
1846,0.43055863689686785,-0.7103203827504888
1847,-0.8058938255159989,-0.29432422697058863
1848,-1.3270573832085149,0.9264251521167415
1849,1.2721836269042703,0.2886662129276284
1850,-1.172038992635024,-2.3329473714994453
1851,0.5502623706613535,-0.461276144335749
1852,-0.23549475539226386,2.7201709904648004
1853,0.5854512473086182,-0.281343068291978
1854,-0.00996315890761585,-0.4478015410241327
1855,-2.01532598564048,0.9516685727668526
1856,0.8579645381252632,0.19023650607647513
1857,0.12839015481093133,0.6424179845428789
1858,0.29948652716703905,-0.2970275166789891
1859,-0.26961677749305146,0.07937261366283696
1860,0.8923018183733663,2.2789493330164485
1861,0.7332526970762854,1.0607402643006394
1862,-0.05257502092017645,0.5099659626922698
1863,-1.940416249498427,-0.6462505260603624
1864,0.5651622496603332,-1.1100889063548458
1865,0.7863480493390329,0.4362952798946627
1866,0.5815244551187693,-0.5308612368087142
1867,0.7840145133430122,1.2852144251942377
1868,1.587822680339734,0.766760138783091
1869,0.06776772704400726,-1.8867105233748849
1870,0.04131552762895238,-2.5460811733528432
1871,0.344954009556448,1.2153901132039198
1872,-1.0877762128934665,0.9853910266515944
1873,-0.114747320021699,0.2691417128550723
1874,-0.03003305321051351,0.5116989414811846
1875,-0.09140688424428864,-1.0422261204838217
1876,-0.5560065890619126,0.8329849255970077
1877,-0.6657575856715231,1.209648509222067
1878,-0.7138571632634788,2.6172134099384174
1879,-0.25543099003326764,0.07153738407059572
1880,1.154948205789981,-1.0615232712773672
1881,0.054264919309506304,-0.3552320113449908
1882,-1.11981879157009,1.6104980998228884
1883,0.5679332143205389,0.10817011144235573
1884,-0.1187036110353541,0.4487414716986024
1885,-0.46518224570387334,1.4560890664961943
1886,1.3968244254365478,-1.2422961948234077
1887,1.0392718587388468,0.9019536324657009
1888,-0.7287538899496818,-0.42970968664659637
1889,-0.2842005848200686,0.5582091476457259
1890,-0.27644259777417135,1.510898627764319
1891,-1.073395701356461,-0.7789395994885143
1892,1.6745975266806232,-0.9853315740233978
1893,0.045296245211243764,1.5058118682763644
1894,-0.17723103483846225,0.8374873435399887
1895,-1.6795030331310847,0.7700249318489065
1896,0.04057579902608279,-0.2602913889311336
1897,0.5589249657510174,1.185459916494029
1898,-0.24199315023377324,0.20416275316197285
1899,0.6577545964239431,0.35927733581468024
1900,-1.4690410437005588,-0.3258850724494625
1901,0.3808332899327231,1.4422134697342435
1902,1.0002500185221266,-1.1169624931360498
1903,-0.6582093768463796,0.2398299466002738
1904,0.9831813597740316,0.5078767311713474
1905,1.2749101270048178,1.0867782353379258
1906,0.638327125856772,0.6320858143933067
1907,0.7375711167893184,0.5310047727266045
1908,-0.592991602268793,-0.3241038754221305
1909,-0.43245823615062723,-1.6221339082792339
1910,-0.5711224994318285,0.31676860705529036
1911,0.2763739507112247,0.1584779170548798
1912,-0.913715367015478,-0.9223111316701171
1913,-0.6731123496012521,-0.8540880643786084
1914,-0.44086168141734733,0.5851863789159987
1915,0.7335599020240532,0.04422366388891741
1916,-0.1607401741842334,0.6724413061085632
1917,0.8583504911344241,-0.28967555864771727
1918,1.6046819816961841,-0.47498170141916785
1919,0.6014075530272194,2.256742632091025
1920,-2.1351170299827134,1.7032939300461662
1921,2.485305287833805,2.0178354670340792
1922,0.5485134410361351,-1.2311853023495198
1923,1.6163379693582804,0.17136597804482906
1924,-0.551362098348242,0.2877046891385411
1925,-0.8694963133401608,-0.1030057632208296
1926,-0.5594843180250719,0.296747200761283
1927,-0.6940784024026379,-0.0967607619761056
1928,0.12758230048879712,1.0948632757757157
1929,0.5995066032287352,-0.21841298455175032
1930,0.38294163068046105,-0.7341386570636013
1931,0.23368237306300904,0.24523340307764485
1932,-0.18749267350967141,-1.4137106381222557
1933,-0.34099821825229865,0.8627459594107799
1934,-0.28667015733483975,-0.28231785210194227
1935,-0.9122525308447128,-1.1066629931683545
1936,-0.35065250675769793,-1.9292544943435008
1937,0.9765297367937507,0.35002771966959734
1938,0.853560773715781,-0.409245495891027
1939,0.6154807021471056,-0.4582431138799007
1940,-0.9870173357860601,0.6860493536259071
1941,0.5398147199862864,-1.7499386954924563
1942,0.8954191657584469,1.7347192211691131
1943,-0.7935319970736007,-0.738133938046648
1944,0.7951482552233166,1.4752579704966906
1945,-0.7967247237313312,-0.6769095087445778
1946,-1.0420539590691351,0.07699332060982839
1947,-1.599839192026872,-0.6383427702410437
1948,-0.37638351251209173,-0.6038976123895965
1949,-1.2327787406626751,-0.30252096615718455
1950,-0.5305986115398893,-0.034537575059072144
1951,-0.4966521782826168,1.1147920857364142
1952,0.5004399020943054,2.630936113378663
1953,1.2100170270273065,0.6871264971066272
1954,-0.7479614647351853,-1.056859672230874
1955,-0.5042782130833988,0.831193554376021
1956,0.14477331239310132,0.18824117022847328
1957,-1.6742874034583943,1.2152989055115555
1958,1.1507462556190722,-0.15832211744571986
1959,0.10277137109535306,-0.9559373400434313
1960,-0.8399835260349997,-1.6170353959204162
1961,1.6111205187023228,-1.0198989342331028
1962,0.3506141658559475,-1.260707193938209
1963,-1.1245163625909327,-0.3853020698832359
1964,-0.6195666949632688,-0.8160268096296767
1965,0.04760089986973185,-0.9979269892828958
1966,0.5498440691242609,-0.33226946556651554
1967,1.5840689303938682,1.6214209918306983
1968,1.397249343665638,0.8203228166652402
1969,-0.09570243663950982,-0.553809575381505
1970,0.8346513547078334,0.8597814106515886
1971,-0.6583832441923612,0.05267001482614526
1972,0.7840785989777571,1.2541834640581557
1973,2.5768993798479243,1.7980781802011967
1974,-0.014283904625488326,0.5034010169222928
1975,0.7450283129839427,0.7238116308971098
1976,0.36000784521102525,-1.451285996726345
1977,-0.004979321862145575,0.28530546776070076
1978,-0.11168928925630527,1.9332397702515767
1979,-0.3671080047913023,1.031156081151597
1980,-0.5535801596741717,0.6584255837582589
1981,0.014721688206123849,-0.3031463193024598
1982,0.5007207536636923,0.7255149618893739
1983,0.8502603717486062,1.2293441133829492
1984,2.363314228253569,1.877115476527339
1985,0.0029881761094269097,-1.518300919639805
1986,-2.0064735432263143,0.12737456990633284
1987,1.0928249228715607,-0.1287681575076821
1988,-0.5886485429969933,0.3081448621843393
1989,-0.21627531644587375,0.1665328557102542
1990,0.8781602112324906,-0.5708598435508317
1991,-0.06044778308293103,0.29847307100688125
1992,-1.0183688806584745,1.0940112975822351
1993,-1.2183622610041362,-0.39655380865212353
1994,-0.440574522730745,-0.37816690885772314
1995,0.1842002092687598,0.4503383703541971
1996,0.27199647839369884,-1.0082651873749007
1997,1.3366447078575736,-0.9406073535737545
1998,0.23628591789914402,-1.665130707706512
1999,0.9531204079589647,1.744866433903655
2000,1.3,4
2001,2.1,2.1
2002,4,4
2003,0.5,0.5
2004,-3.1,-3.1
2005,1.1,3.5
2006,1.2,1.2